country,gem_location_id,gem_plant_name,other_names,local_name,state_province,latitude,longitude,operating_mw,retired_mw,units_operating,units_retired,units_other_status,wiki_url
Australia,L100000100031,Anglesea power station,,,Victoria,-38.38655,144.182062,,160,0,1,0,https://www.gem.wiki/Anglesea_power_station
Australia,L100000100027,Arckaringa Coal-to-Liquids and Power Project,,,South Australia,-27.938926,134.726094,,,0,0,2,https://www.gem.wiki/Arckaringa_Coal-to-Liquids_and_Power_Project
Australia,L100000100004,Bayswater power station,,,New South Wales,-32.395,150.9492,2665,,4,0,1,https://www.gem.wiki/Bayswater_power_station
Australia,L100000100038,Bluewaters power station,,,Western Australia,-33.332186,116.228023,466,,2,0,2,https://www.gem.wiki/Bluewaters_power_station
Australia,L100000100012,Callide Oxyfuel Project,,Callide-A power station,Queensland,-24.347222,150.617115,,30,0,1,0,https://www.gem.wiki/Callide_Oxyfuel_Project
Australia,L100000100013,Callide power station,,,Queensland,-24.347222,150.617115,1620,,4,0,0,https://www.gem.wiki/Callide_power_station
Australia,L100000100039,Collie power station,,,Western Australia,-33.343094,116.260847,350,,1,0,0,https://www.gem.wiki/Collie_power_station
Australia,L100000104597,Collinsville (Shine Energy) power station,,,New South Wales,-20.545051,147.804557,,,0,0,3,https://www.gem.wiki/Collinsville_(Shine_Energy)_power_station
Australia,L100000100014,Collinsville power station,,,Queensland,-20.545051,147.804557,,180,0,5,0,https://www.gem.wiki/Collinsville_power_station
Australia,L100000100040,Coolimba power station,,,Western Australia,-29.816667,115.266667,,,0,0,3,https://www.gem.wiki/Coolimba_power_station
Australia,L100000100032,Dual Gas power station,,,Victoria,-38.251967,146.41634,,,0,0,2,https://www.gem.wiki/Dual_Gas_power_station
Australia,L100000100033,Energy Brix power station,,Morwell power station,Victoria,-38.25397,146.413666,,150,0,4,0,https://www.gem.wiki/Energy_Brix_power_station
Australia,L100000100005,Eraring power station,,,New South Wales,-33.06223,151.521359,2880,,4,0,0,https://www.gem.wiki/Eraring_power_station
Australia,L100000100015,Galilee Basin Power Project,,,Queensland,-21.149203,144.799206,,,0,0,2,https://www.gem.wiki/Galilee_Basin_Power_Project
Australia,L100000100016,Galilee Power project,,,Queensland,-23.473166,146.551237,,,0,0,2,https://www.gem.wiki/Galilee_Power_project
Australia,L100000100017,Gladstone power station,,,Queensland,-23.850667,151.219711,1680,,6,0,0,https://www.gem.wiki/Gladstone_power_station
Australia,L100000104598,Hazelwood (Sunset Power International) power station,,,Victoria,-38.271833,146.390879,,,0,0,2,https://www.gem.wiki/Hazelwood_(Sunset_Power_International)_power_station
Australia,L100000100034,Hazelwood power station,,,Victoria,-38.271833,146.390879,,1600,0,8,0,https://www.gem.wiki/Hazelwood_power_station
Australia,L100000100018,Kogan Creek power station,,,Queensland,-26.917881,150.750738,750,,1,0,0,https://www.gem.wiki/Kogan_Creek_power_station
Australia,L100000104765,Kurri Kurri power station,,,New South Wales,-32.829077,151.467635,,,0,0,2,https://www.gem.wiki/Kurri_Kurri_power_station
Australia,L100000100041,Kwinana power station,,,Western Australia,-32.198337,115.775155,,640,0,4,0,https://www.gem.wiki/Kwinana_power_station
Australia,L100000100006,Liddell power station,,,New South Wales,-32.3716,150.978421,,2000,0,4,0,https://www.gem.wiki/Liddell_power_station
Australia,L100000100035,Loy Yang A power station,,,Victoria,-38.252414,146.575334,2215,,4,0,0,https://www.gem.wiki/Loy_Yang_A_power_station
Australia,L100000100036,Loy Yang B power station,,,Victoria,-38.255503,146.586018,1026,,2,0,0,https://www.gem.wiki/Loy_Yang_B_power_station
Australia,L100000100019,Millmerran power station,,,Queensland,-27.960696,151.279301,880,,2,0,0,https://www.gem.wiki/Millmerran_power_station
Australia,L100000100020,Moray power station,,,Queensland,-22.012451,146.383553,,,0,0,1,https://www.gem.wiki/Moray_power_station
Australia,L100000100007,Mount Piper power station,,,New South Wales,-33.358087,150.032036,1390,,2,0,2,https://www.gem.wiki/Mount_Piper_power_station
Australia,L100000100042,Muja power station,,,Western Australia,-33.445875,116.307528,454,640,2,6,0,https://www.gem.wiki/Muja_power_station
Australia,L100000100008,Munmorah power station,,,New South Wales,-33.212081,151.542216,,600,0,2,0,https://www.gem.wiki/Munmorah_power_station
Australia,L100000100028,Northern Augusta power station,,"Northern power station, Port Augusta power station",South Australia,-32.542518,137.78785,,520,0,2,0,https://www.gem.wiki/Northern_Augusta_power_station
Australia,L100000100029,Playford power station,,"Playford B power station, Port Augusta power station",South Australia,-32.538523,137.782198,,240,0,4,0,https://www.gem.wiki/Playford_power_station
Australia,L100000100009,Redbank power station,,,New South Wales,-32.580534,151.07147,,151,0,1,0,https://www.gem.wiki/Redbank_power_station
Australia,L100000100021,Stanwell power station,,,Queensland,-23.509114,150.317801,1460,,4,0,0,https://www.gem.wiki/Stanwell_power_station
Australia,L100000104726,Swanbank-A power station,,,Queensland,-27.660536,152.812899,,396,0,6,0,https://www.gem.wiki/Swanbank-A_power_station
Australia,L100000405135,Swanbank-E power station,,,Queensland,-27.660536,152.812899,,500,0,4,0,https://www.gem.wiki/Swanbank-E_power_station
Australia,L100000100023,Tarong North power station,,,Queensland,-26.777293,151.914311,445,,1,0,0,https://www.gem.wiki/Tarong_North_power_station
Australia,L100000100024,Tarong power station,,,Queensland,-26.783688,151.915274,1400,,4,0,0,https://www.gem.wiki/Tarong_power_station
Australia,L100000104625,Vales Point A power station (replacement),,,New South Wales,-33.161012,151.545252,,,0,0,1,https://www.gem.wiki/Vales_Point_A_power_station_(replacement)
Australia,L100000100010,Vales Point power station,,,New South Wales,-33.161012,151.545252,1320,,2,0,0,https://www.gem.wiki/Vales_Point_power_station
Australia,L100000100011,Wallerawang power station,,,New South Wales,-33.402337,150.083722,,1000,0,2,0,https://www.gem.wiki/Wallerawang_power_station
Australia,L100000100025,Wandoan Power Project,,,Queensland,-26.133333,149.95,,,0,0,1,https://www.gem.wiki/Wandoan_Power_Project
Australia,L100000100043,Worsley Refinery power station,,Worsley Refinery Cogen Steam Power Plant,Western Australia,-33.23519,116.068694,148,68,3,2,0,https://www.gem.wiki/Worsley_Refinery_power_station
Australia,L100000100037,Yallourn W power station,,Yallourn power station,Victoria,-38.177284,146.34421,1480,,4,0,0,https://www.gem.wiki/Yallourn_W_power_station
Australia,L100000100026,ZeroGen,,,Queensland,-23.509114,150.317801,,,0,0,1,https://www.gem.wiki/ZeroGen
Brazil,L100000100124,Açu power station,,,Rio de Janeiro,-22.908333,-43.196389,,,0,0,3,https://www.gem.wiki/A%C3%A7u_power_station
Brazil,L100000100122,Barcarena Alunorte power station,UTE Alunorte Barcarena,,Paraná,-1.569926,-48.754535,,104,0,2,0,https://www.gem.wiki/Barcarena_Alunorte_power_station
Brazil,L100000100123,Barcarena Vale power station,,,Pará,-1.505833,-48.625833,,,0,0,2,https://www.gem.wiki/Barcarena_Vale_power_station
Brazil,L100000100126,CTSul power station,,,Rio Grande do Sul,-29.515088,-51.993256,,,0,0,1,https://www.gem.wiki/CTSul_power_station
Brazil,L100000104612,Charqueadas power station,Usina Termelétrica Charqueadas,,Rio Grande do Sul,-29.951312,-51.622419,,72,0,1,0,https://www.gem.wiki/Charqueadas_power_station
Brazil,L100000100120,Itaqui power station,"Usina Termelétrica Itaqui, Usina de biomassa Itaqui","UTE Porto do Itaqui, UTE Termomaranhão, MPX Itaqui",Maranhão,-2.587312,-44.338353,360,,1,0,0,https://www.gem.wiki/Itaqui_power_station
Brazil,L100000100127,Jacuí New power station,,,Rio Grande do Sul,-29.966667,-51.633333,,,0,0,1,https://www.gem.wiki/Jacu%C3%AD_New_power_station
Brazil,L100000100134,Jorge Lacerda power station,Complexo Termelétrico Jorge Lacerda,CTJL,Santa Catarina,-28.452084,-48.968482,857,,7,0,0,https://www.gem.wiki/Jorge_Lacerda_power_station
Brazil,L100000100119,Maranhão São Luís power station,,,Maranhão,-2.528,-44.3044,,,0,0,1,https://www.gem.wiki/Maranh%C3%A3o_S%C3%A3o_Lu%C3%ADs_power_station
Brazil,L100000100133,Nova Seival power station,,,Rio Grande do Sul,-31.6,-53.733333,,,0,0,2,https://www.gem.wiki/Nova_Seival_power_station
Brazil,L100000100128,Pampa Sul power station,Usina Termelétrica Pampa Sul,Miroel Wolowski power station,Rio Grande do Sul,-31.4506,-53.77687,345,,1,0,1,https://www.gem.wiki/Pampa_Sul_power_station
Brazil,L100000100129,Pedras Altas power station,,,Rio Grande do Sul,-31.732865,-53.58575,,,0,0,2,https://www.gem.wiki/Pedras_Altas_power_station
Brazil,L100000100118,Porto do Pecém power station,Usina Terméletrica Pecém,,Ceará,-3.5827,-38.875,1085,,3,0,0,https://www.gem.wiki/Porto_do_Pec%C3%A9m_power_station
Brazil,L100000100131,Presidente Médici Candiota power station,Usina Termelétrica Candiota,Usina Termelétrica Candiota III (Presidente Médici-C power station Unit 5),Rio Grande do Sul,-31.5513644,-53.6830179,350,446,1,4,0,https://www.gem.wiki/Presidente_M%C3%A9dici_Candiota_power_station
Brazil,L100000100132,Seival power station,,,Rio Grande do Sul,-31.454444,-53.746389,,,0,0,2,https://www.gem.wiki/Seival_power_station
Brazil,L100000100121,São Luis Alumar power station,Central Elétrica São Luis Alumar,,Maranhão,-2.5283,-44.3044,,76,0,2,0,https://www.gem.wiki/S%C3%A3o_Luis_Alumar_power_station
Brazil,L100000100135,Usitesc power station,,,Santa Catarina,-28.516667,-49.466667,,,0,0,1,https://www.gem.wiki/Usitesc_power_station
Bulgaria,L100000100137,Bobov Dol power station,ТЕЦ Бобов Дол,,Kyustendil,42.285818,23.03283,630,,3,0,2,https://www.gem.wiki/Bobov_Dol_power_station
Bulgaria,L100000100142,Brikel power station,,Maritsa Iztok-1 power station,Stara Zagora,42.154555,25.906814,200,100,4,2,0,https://www.gem.wiki/Brikel_power_station
Bulgaria,L100000100141,Deven power station,,Devnya TPP,Smolyan,43.1963539,27.6326752,174,,2,0,0,https://www.gem.wiki/Deven_power_station
Bulgaria,L100000100150,Lom Power Station,,,Montana,43.7825,23.2175,,,0,0,1,https://www.gem.wiki/Lom_Power_Station
Bulgaria,L100000100136,Maritsa 3 power station,,,Haskovo,42.051942,25.623344,,120,0,1,0,https://www.gem.wiki/Maritsa_3_power_station
Bulgaria,L100000100148,Maritsa Iztok-1 power station,,AES Galabovo,Stara Zagora,42.1573,25.9084,690,,2,0,0,https://www.gem.wiki/Maritsa_Iztok-1_power_station
Bulgaria,L100000100143,Maritsa Iztok-2 power station,,Maritsa East 2 power station,Galabovo,42.254053,26.134007,1602,,8,0,2,https://www.gem.wiki/Maritsa_Iztok-2_power_station
Bulgaria,L100000100144,Maritsa Iztok-3 power station,,Maritza East-3 power station,Stara Zagora,42.14502,26.003009,454,454,2,2,1,https://www.gem.wiki/Maritsa_Iztok-3_power_station
Bulgaria,L100000100153,Maritsa Iztok-4 power station,,,Stara Zagora,42.1444,26.0033,,,0,0,1,https://www.gem.wiki/Maritsa_Iztok-4_power_station
Bulgaria,L100000100138,Republika power station,,,Pernik,42.607124,23.078699,105,,1,0,0,https://www.gem.wiki/Republika_power_station
Bulgaria,L100000100139,Ruse Iztok power station,,,Ruse,43.866654,26.010002,230,170,3,3,0,https://www.gem.wiki/Ruse_Iztok_power_station
Bulgaria,L100000100140,Sliven power station,,,Sliven,42.654762,26.325853,30,30,1,1,0,https://www.gem.wiki/Sliven_power_station
Bulgaria,L100000100146,Svilosa power station,,,Veliko Tarnovo,43.642272,25.305007,,120,0,2,0,https://www.gem.wiki/Svilosa_power_station
Bulgaria,L100000100145,Varna power station,ТЕЦ Варна,,Varna,43.19477,27.765472,,1260,0,6,0,https://www.gem.wiki/Varna_power_station
Bulgaria,L100000100147,Vidin Works power station,,Vidahim power station,Vidin,43.948363,22.850904,,120,0,2,0,https://www.gem.wiki/Vidin_Works_power_station
Chile,L100000100181,Andina-Hornitos power station,Termoeléctrica Andina-Hornitos,"Central Termoeléctrica Hornitos (CTH) (Unit 2), Andina power station (Unit 1), Hornitos power station (Unit 2), Central Termoeléctrica Andina (CTA) (Unit 1)",Antofagasta Region,-23.087707,-70.407472,355,,2,0,0,https://www.gem.wiki/Andina-Hornitos_power_station
Chile,L100000100182,Angamos power station,Termoeléctrica Angamos,,Antofagasta Region,-23.066268,-70.370119,558,,2,0,0,https://www.gem.wiki/Angamos_power_station
Chile,L100000100190,Barrancones power station,,,IV Region,-29.5,-71.2667,,,0,0,3,https://www.gem.wiki/Barrancones_power_station
Chile,L100000100195,Bocamina power station,Termoeléctrica Bocamina,,Biobio Region,-37.0218,-73.1663,,478,0,2,0,https://www.gem.wiki/Bocamina_power_station
Chile,L100000100187,Castilla power station,,,III Region,-27.366667,-70.333333,,,0,0,6,https://www.gem.wiki/Castilla_power_station
Chile,L100000100183,Cochrane power station,Termoeléctrica Cochrane,,Antofagasta Region,-23.0630274,-70.3661289,550,,2,0,0,https://www.gem.wiki/Cochrane_power_station
Chile,L100000100191,Cruz Grande power station,,,IV Region,-29.511953,-71.200084,,,0,0,2,https://www.gem.wiki/Cruz_Grande_power_station
Chile,L100000100192,Energía Minera power station,,,V Region,-32.733333,-71.416667,,,0,0,3,https://www.gem.wiki/Energ%C3%ADa_Minera_power_station
Chile,L100000100188,Guacolda power station,Termoeléctrica Guacolda,Huasco power station,Atacama Region,-28.465013,-71.256541,760,,5,0,0,https://www.gem.wiki/Guacolda_power_station
Chile,L100000100196,Los Robles power station,,,VII Region,-35.333333,-72.416667,,,0,0,2,https://www.gem.wiki/Los_Robles_power_station
Chile,L100000100198,Luz de Atacama power station,,,Atacama Region,-24.6,-70.5,,,0,0,2,https://www.gem.wiki/Luz_de_Atacama_power_station
Chile,L100000100184,Mejillones power station,Termoeléctrica Mejillones,"IEM2 (Unit 5), Infraestructura Energética de Mejillones, CTM (Unit 1, Unit2), IEM1 (Unit 4), Red Dragon (Unit 4, Unit 5)",Antofagasta,-23.0892,-70.4103,,709,0,3,1,https://www.gem.wiki/Mejillones_power_station
Chile,L100000100185,Nueva Tocopilla power station,Termoeléctrica Nueva Tocopilla,Norgener power station,Antofagasta Region,-22.096448,-70.209947,,277,0,2,0,https://www.gem.wiki/Nueva_Tocopilla_power_station
Chile,L100000100179,Pacífico power station,,,I Region,-20.80529,-70.19407,,,0,0,2,https://www.gem.wiki/Pac%C3%ADfico_power_station
Chile,L100000100180,Patache power station,Central termoeléctrica Tarapacá,Tarapacá power station,Tarapacá Region,-20.80532,-70.193195,,154,0,1,1,https://www.gem.wiki/Patache_power_station
Chile,L100000100189,Punta Alcalde power station,,,III Region,-28.570278,-71.311389,,,0,0,2,https://www.gem.wiki/Punta_Alcalde_power_station
Chile,L100000100199,RG Generación power station,,,Concepción,-37.016667,-73.216667,,,0,0,2,https://www.gem.wiki/RG_Generaci%C3%B3n_power_station
Chile,L100000100193,Río Corrientes power station,,,V Region,-32.750756,-71.481342,,,0,0,2,https://www.gem.wiki/R%C3%ADo_Corrientes_power_station
Chile,L100000100197,Santa María power station,Termoeléctrica Santa María,,Biobio Region,-37.0421,-73.1308,350,,1,0,1,https://www.gem.wiki/Santa_Mar%C3%ADa_power_station
Chile,L100000100186,Tocopilla power station,Termoeléctrica Tocopilla,,Antofagasta,-22.096386,-70.211759,,441,0,4,0,https://www.gem.wiki/Tocopilla_power_station
Chile,L100000100194,Ventanas power station,Termoeléctrica Ventanas,"Nueva Ventanas power station (Unit 3), Campiche power station (Unit 4), Ventanas Campiche power station",Valparaíso Region,-32.7512,-71.4825,544,340,2,2,0,https://www.gem.wiki/Ventanas_power_station
Czech Republic,L100000101794,Chvaletice power station,,,Pardubický,50.028062,15.450504,820,,4,0,0,https://www.gem.wiki/Chvaletice_power_station
Czech Republic,L100000101786,Detmarovice power station,Elektrárna a teplárna Dětmarovice,,Jihomoravsky,49.907184,18.464559,,800,0,4,0,https://www.gem.wiki/Detmarovice_power_station
Czech Republic,L100000101781,Hodonin power station,,,Jihomoravský,48.847759,17.120129,107,,2,0,0,https://www.gem.wiki/Hodonin_power_station
Czech Republic,L100000101787,Karvina power station,,,Moravskoslezsky,49.823463,18.480287,55,,1,0,1,https://www.gem.wiki/Karvina_power_station
Czech Republic,L100000101799,Kladno power station,,,Stredocesky,50.1535,14.12858,405.6,,3,0,0,https://www.gem.wiki/Kladno_power_station
Czech Republic,L100000101802,Komorany power station,Elektrárny Komořany,,Ústí nad Labem,50.522288,13.572102,197,,6,0,0,https://www.gem.wiki/Komorany_power_station
Czech Republic,L100000101803,Ledvice power station,,,Ústí nad Labem,50.57658,13.779761,770,220,2,2,0,https://www.gem.wiki/Ledvice_power_station
Czech Republic,L100000101798,Malesice power station,,,Praha,50.084967,14.525273,110,,2,0,0,https://www.gem.wiki/Malesice_power_station
Czech Republic,L100000101788,Marianske Hory power station,,,Moravskoslezsky,49.86,18.27,,30,0,1,0,https://www.gem.wiki/Marianske_Hory_power_station
Czech Republic,L100000101800,Melnik power station,"Elektr√°rna Mƒõln√≠k, Elektrárny Mělník",Elektr√°rna Mƒõln√≠k,Melnik,50.413132,14.41582,350,610,5,2,1,https://www.gem.wiki/Melnik_power_station
Czech Republic,L100000104919,Mondi Steti power station,,,Ustecky,50.46091835,14.37585352,94,,3,0,0,https://www.gem.wiki/Mondi_Steti_power_station
Czech Republic,L100000101810,Mostecka Power Station,,,Ústí nad Labem,50.503,13.63617,,,0,0,1,https://www.gem.wiki/Mostecka_Power_Station
Czech Republic,L100000101792,Olomouc power station,Teplárny Olomouc,Tepl√°rny Olomouc,Olomoucky,49.570879,17.304121,50,,1,0,0,https://www.gem.wiki/Olomouc_power_station
Czech Republic,L100000101795,Opatovice power station,Elektrárny Opatovice,,Pardubický,50.12283,15.790765,360,,6,0,0,https://www.gem.wiki/Opatovice_power_station
Czech Republic,L100000101777,Plana Nad Luznici power station,Planá nad Lužnicí,,Jihocesky,49.368459,14.702139,,46.5,0,1,0,https://www.gem.wiki/Plana_Nad_Luznici_power_station
Czech Republic,L100000101796,Plzen CHP power station,Plzeňská teplárna,Pilsen,Plzensky,49.754333,13.398754,137,,2,0,0,https://www.gem.wiki/Plzen_CHP_power_station
Czech Republic,L100000101797,Plzenska energetika ELU III power station,Zdroj Energetika (areál Škoda),Plzen Skoda power station,Plzensky,49.739529,13.345461,65,,2,0,0,https://www.gem.wiki/Plzenska_energetika_ELU_III_power_station
Czech Republic,L100000101804,Pocerady power station,Elektrárna Počerady,,Ustecky,50.4267,13.6747,1000,,5,0,0,https://www.gem.wiki/Pocerady_power_station
Czech Republic,L100000101784,Porici power station,,,Královéhradecký,50.572812,15.963992,110,55,2,1,0,https://www.gem.wiki/Porici_power_station
Czech Republic,L100000101793,Prerov power station,,,Olomoucky,49.445061,17.428525,,41,0,1,0,https://www.gem.wiki/Prerov_power_station
Czech Republic,L100000101811,Pribram power station,,,Central Bohemian,49.696,14.003,38,,1,0,0,https://www.gem.wiki/Pribram_power_station
Czech Republic,L100000101805,Prunerov power station,Elektrárna Prunéřov,Prunéřov power station,Ústí nad Labem,50.415122,13.255958,750,1490,3,9,0,https://www.gem.wiki/Prunerov_power_station
Czech Republic,L100000101801,Sko-Energo power station,,Mlada Boleslav power station,Central Bohemian,50.41721,14.93293,70,,2,0,0,https://www.gem.wiki/Sko-Energo_power_station
Czech Republic,L100000101782,Tisova power station,,,Karlovarský,50.149402,12.610338,276,,4,0,0,https://www.gem.wiki/Tisova_power_station
Czech Republic,L100000101789,Trebovice power station,Elektrárna Třebovice,,Moravskoslezsky,49.831905,18.211305,177,,3,0,0,https://www.gem.wiki/Trebovice_power_station
Czech Republic,L100000101790,Trinec-E3 power station,,,Moravskoslezsky,49.677778,18.672778,32,,1,0,0,https://www.gem.wiki/Trinec-E3_power_station
Czech Republic,L100000101807,Tusimice power station,,Vitkovice power station,Ústí nad Labem,50.381868,13.339973,800,,4,0,0,https://www.gem.wiki/Tusimice_power_station
Czech Republic,L100000101783,Vresova TPS power station,,,Karlovarský,50.255816,12.695936,,400,0,2,0,https://www.gem.wiki/Vresova_TPS_power_station
Czech Republic,L100000101785,Zlin power station,,,Moravian-Silesian,49.225,17.654,30,,1,0,0,https://www.gem.wiki/Zlin_power_station
Denmark,L100000101814,Amager power station,,,Hovedstaden,55.686777,12.627702,,424,0,3,0,https://www.gem.wiki/Amager_power_station
Denmark,L100000101818,Asnaes power station,,Asnæs Cogen Anlægget,Sjælland,55.661528,11.080892,,1319,0,4,0,https://www.gem.wiki/Asnaes_power_station
Denmark,L100000101815,Avedore power station,,Avedøre,Hovedstaden,55.60216,12.479064,,263,0,1,0,https://www.gem.wiki/Avedore_power_station
Denmark,L100000101820,Esbjerg power station,,,Syddanmark,55.454653,8.455244,,407,0,1,0,https://www.gem.wiki/Esbjerg_power_station
Denmark,L100000101821,Fyns power station,,"Havnegade, Fynsværket Biomasse Kogenværk",Syddanmark,55.429412,10.410212,,597,0,2,0,https://www.gem.wiki/Fyns_power_station
Denmark,L100000101817,Nordjylland power station,,Nordjyllandsvaerket power station,Nordjylland,57.073694,10.040779,411,305,1,1,0,https://www.gem.wiki/Nordjylland_power_station
Denmark,L100000101822,Ostkraft power station,,,Bornholm,55.1,14.7,,108,0,1,0,https://www.gem.wiki/Ostkraft_power_station
Denmark,L100000201147,Randers power station,,"Randers Kraftvarmeværk, Randers Cogen Anlæg",Midtjylland,56.4579,10.0466,,52,0,1,0,https://www.gem.wiki/Randers_power_station
Denmark,L100000101819,Stigsnaes power station,,,Sjælland,55.207693,11.25205,,409,0,2,0,https://www.gem.wiki/Stigsnaes_power_station
Denmark,L100000101816,Studstrup power station,Studstrupværket,,Midtjylland,56.250196,10.344861,,760,0,2,0,https://www.gem.wiki/Studstrup_power_station
Finland,L100000101845,Hanasaari power station,,,Uusimaa,60.183678,24.971562,,228,0,2,0,https://www.gem.wiki/Hanasaari_power_station
Finland,L100000101839,Heinola Plant power station,,Heinola Fluting,Paijat-Hame,61.17838901,26.08163263,39.2,,1,0,0,https://www.gem.wiki/Heinola_Plant_power_station
Finland,L100000101844,Inkoo power station,,,Southern Finland,60.01749,23.91262,,1000,0,4,0,https://www.gem.wiki/Inkoo_power_station
Finland,L100000101837,Kristiina power station,,,Ostrobothnia,62.254911,21.326515,,242,0,1,0,https://www.gem.wiki/Kristiina_power_station
Finland,L100000101840,Kymijarvi power station,,Kymijärvi II & III Bioheat Cogen Plant,Päijät-Häme,60.9932,25.7193,,138,0,1,0,https://www.gem.wiki/Kymijarvi_power_station
Finland,L100000101850,Linnankatu power station,,,Southwest Finland,60.43941,22.23785,,35,0,1,0,https://www.gem.wiki/Linnankatu_power_station
Finland,L100000101846,Martinlaakso power station,,,Uusimaa,60.2833,24.8364,,80,0,1,0,https://www.gem.wiki/Martinlaakso_power_station
Finland,L100000101841,Meri-Pori power station,,,Satakunta,61.63215,21.40473,614,,1,0,0,https://www.gem.wiki/Meri-Pori_power_station
Finland,L100000101834,Mussalo power station,,,Kymenlaakso,60.434669,26.912355,,80,0,1,0,https://www.gem.wiki/Mussalo_power_station
Finland,L100000101851,Mänttä power station,,,Pirkanmaa,62.0271,24.6341,,65,0,1,0,https://www.gem.wiki/M%C3%A4ntt%C3%A4_power_station
Finland,L100000101849,Naantali CHP power station,,Naantalin Cogen Tehdas,South-Western Finland,60.451,22.0517,,366,0,3,1,https://www.gem.wiki/Naantali_CHP_power_station
Finland,L100000101835,Rauma power station,,"Rauman ST Cogen voimalaitos, Rauma Biopower",Lansi-suomen,61.118,21.478,,78,0,1,0,https://www.gem.wiki/Rauma_power_station
Finland,L100000101847,Salmisaari power station,,,Uusimaa,60.165375,24.904517,,177,0,1,0,https://www.gem.wiki/Salmisaari_power_station
Finland,L100000101848,Suomenoja power station,,,Uusimaa,60.14913,24.71837,,170,0,2,0,https://www.gem.wiki/Suomenoja_power_station
Finland,L100000101842,Tahkoluoto power station,,,Satakunta,61.6319,21.4069,,225,0,1,0,https://www.gem.wiki/Tahkoluoto_power_station
Finland,L100000101838,Vaskiluoto power station,,,Ostrobothnia,63.09151,21.552176,250,,1,0,0,https://www.gem.wiki/Vaskiluoto_power_station
Finland,L100000101852,Vuosaari power station,,,Uusimaa,60.22032,25.16966,,,0,0,1,https://www.gem.wiki/Vuosaari_power_station
France,L100000101865,Albi power station,,,Occitanie,43.92,2.14,,250,0,1,0,https://www.gem.wiki/Albi_power_station
France,L100000101857,Blénod power station,,,Meurthe-et-Moselle,48.869091,6.080033,,1000,0,4,0,https://www.gem.wiki/Bl%C3%A9nod_power_station
France,L100000101855,Bois-Rouge power station,,,Réunion,-20.913831,55.636348,,108,0,2,0,https://www.gem.wiki/Bois-Rouge_power_station
France,L100000101860,Bouchain power station,,,Nord,50.297213,3.3164,,250,0,1,0,https://www.gem.wiki/Bouchain_power_station
France,L100000101856,Cordemais power station,,,Loire-Atlantique,47.276707,-1.881559,1260,,2,0,0,https://www.gem.wiki/Cordemais_power_station
France,L100000400098,Emile Huchet power station,,,Moselle,49.153262,6.70146,647,455,1,2,0,https://www.gem.wiki/Emile_Huchet_power_station
France,L100000101861,Hornaing-B power station,,,Nord,50.373934,3.338964,,235,0,1,0,https://www.gem.wiki/Hornaing-B_power_station
France,L100000101859,La Maxe power station,,,Moselle,49.157327,6.190328,,500,0,2,0,https://www.gem.wiki/La_Maxe_power_station
France,L100000101854,La Poterne power station,,,Dalkia,45.18,5.72,,63,0,1,0,https://www.gem.wiki/La_Poterne_power_station
France,L100000101866,Le Gol power station,,,Réunion,-21.278861,55.398008,,122,0,2,0,https://www.gem.wiki/Le_Gol_power_station
France,L100000101863,Le Havre power station,,,Seine-Maritime,49.475745,0.147462,,1480,0,3,0,https://www.gem.wiki/Le_Havre_power_station
France,L100000104708,Loire-Sur-Rhone power station,,,Rhone,45.751725,5.473713,,250,0,1,0,https://www.gem.wiki/Loire-Sur-Rhone_power_station
France,L100000101862,Lucy-3 power station,,,Saône-et-Loire,46.667678,4.349647,,266,0,1,0,https://www.gem.wiki/Lucy-3_power_station
France,L100000101853,Provence power station,,Gardanne power station,Bouches-du-Rhône,43.469475,5.487544,,850,0,2,0,https://www.gem.wiki/Provence_power_station
France,L100000104715,Vaires power station,,,Seine-et-Marne,48.873643,2.655851,,480,0,2,0,https://www.gem.wiki/Vaires_power_station
France,L100000101864,Vitry power station,,,Val-de-Marne,48.791641,2.416686,,540,0,2,0,https://www.gem.wiki/Vitry_power_station
Germany,L100000101909,Afferde power station,,,Lower Saxony,52.1,9.366667,,119,0,2,0,https://www.gem.wiki/Afferde_power_station
Germany,L100000101872,Albbruck Mill power station,,,Baden-Wuerttemberg,47.589167,8.129167,,31,0,1,0,https://www.gem.wiki/Albbruck_Mill_power_station
Germany,L100000101873,Altbach power station,HKW Altbach,"Deizisau power station, Initially called Altbach Block 5 (CHP 1)",Baden-Wuerttemberg,48.717185,9.37079,783,,2,0,0,https://www.gem.wiki/Altbach_power_station
Germany,L100000101984,Arneburg power station,,,Saxony-Anhalt,52.723774,12.017516,,,0,0,2,https://www.gem.wiki/Arneburg_power_station
Germany,L100000104700,Arzberg power station,,,Bavaria,50.054434,12.193107,,121,0,1,0,https://www.gem.wiki/Arzberg_power_station
Germany,L100000104701,Aschaffenburg power station,,,Bavaria,49.967827,9.097259,,300,0,2,0,https://www.gem.wiki/Aschaffenburg_power_station
Germany,L100000101925,Bergkamen power station,Bergkamen-Heil Kraftwerk,Bergkamen-Heil Kraftwerk,North Rhine-Westphalia,51.636678,7.620603,,780,0,1,0,https://www.gem.wiki/Bergkamen_power_station
Germany,L100000101886,Berlin-Klingenberg power station,,,Berlin,52.489993,13.495988,,308,0,3,0,https://www.gem.wiki/Berlin-Klingenberg_power_station
Germany,L100000101887,Berlin-Moabit power station,,Kraftwerk Moabit,Berlin,52.53709,13.345787,100,,1,0,0,https://www.gem.wiki/Berlin-Moabit_power_station
Germany,L100000101888,Berlin-Reuter power station,,,Berlin,52.532473,13.246593,,132,0,1,0,https://www.gem.wiki/Berlin-Reuter_power_station
Germany,L100000101889,Berlin-Reuter-West power station,,,Berlin,52.534601,13.244531,600,,2,0,0,https://www.gem.wiki/Berlin-Reuter-West_power_station
Germany,L100000101973,Bexbach-C power station,,,Saarland,49.363454,7.237098,,780,0,1,0,https://www.gem.wiki/Bexbach-C_power_station
Germany,L100000101978,Boxberg power station,,,Saxony,51.419696,14.575308,2582,,4,0,0,https://www.gem.wiki/Boxberg_power_station
Germany,L100000101910,Braunschweig Mitte power station,,"Heizkraftwerk Mitte, KWK-Werk Braunschweig Mitte",Lower Saxony,52.27833,10.51619,,78,0,1,0,https://www.gem.wiki/Braunschweig_Mitte_power_station
Germany,L100000101896,Bremen-Farge power station,,Onyx Kraftwerk Farge power station,Bremen,53.202125,8.5161,,380,0,1,0,https://www.gem.wiki/Bremen-Farge_power_station
Germany,L100000101990,Brunsbuettel GDF Suez power station,,,Schleswig-Holstein,53.893406,9.174356,,,0,0,1,https://www.gem.wiki/Brunsbuettel_GDF_Suez_power_station
Germany,L100000101991,Brunsbuettel GETEC power station,,,Schleswig-Holstein,53.900278,9.227222,,,0,0,1,https://www.gem.wiki/Brunsbuettel_GETEC_power_station
Germany,L100000101992,Brunsbuettel SWS power station,,,Schleswig-Holstein,53.891667,9.201667,,,0,0,2,https://www.gem.wiki/Brunsbuettel_SWS_power_station
Germany,L100000101926,Buer power station,,,North Rhine-Westphalia,51.602778,7.009444,,76,0,1,0,https://www.gem.wiki/Buer_power_station
Germany,L100000101911,Buschhaus power station,,,Lower Saxony,52.171764,10.977192,,405,0,1,0,https://www.gem.wiki/Buschhaus_power_station
Germany,L100000400126,Charlottenburg power station,,,Berlin,52.5219,13.3111,,110,0,2,0,https://www.gem.wiki/Charlottenburg_power_station
Germany,L100000101928,Chemiepark Marl power station,,Marl power station,North Rhine-Westphalia,51.696393,7.093964,,204,0,3,1,https://www.gem.wiki/Chemiepark_Marl_power_station
Germany,L100000101980,Chemnitz Nord power station,,,Saxony,50.857778,12.923889,,167,0,2,0,https://www.gem.wiki/Chemnitz_Nord_power_station
Germany,L100000101929,Chempark Leverkusen power station,HKW Braunschweig Mitte,,North Rhine-Westphalia,51.022231,6.986313,,112,0,1,0,https://www.gem.wiki/Chempark_Leverkusen_power_station
Germany,L100000101891,Cottbus CHP power station,,,Brandenburg,51.76274,14.3453979,,81.7,0,1,0,https://www.gem.wiki/Cottbus_CHP_power_station
Germany,L100000104721,Cuno herdecke power station,,,North Rhine-Westphalia,51.4031,7.4155,,90,0,1,0,https://www.gem.wiki/Cuno_herdecke_power_station
Germany,L100000101932,Datteln power station,,,North Rhine-Westphalia,51.630039,7.331342,1100,319.2,1,3,0,https://www.gem.wiki/Datteln_power_station
Germany,L100000101981,Dessau power station,,,Saxony,51.827638,12.230551,,53,0,1,0,https://www.gem.wiki/Dessau_power_station
Germany,L100000101982,Deuben power station,,,Saxony,51.111733,12.076303,,67,0,1,0,https://www.gem.wiki/Deuben_power_station
Germany,L100000400136,Duisburg power station,,,North Rhine-Westphalia,51.39066,6.74778,,247,0,2,0,https://www.gem.wiki/Duisburg_power_station
Germany,L100000101934,Duisburg-Walsum power station,,,North Rhine-Westphalia,51.528611,6.711944,790,550,1,2,0,https://www.gem.wiki/Duisburg-Walsum_power_station
Germany,L100000101974,Ensdorf power station,,,Saarland,49.292222,6.770833,,430,0,2,0,https://www.gem.wiki/Ensdorf_power_station
Germany,L100000101993,Flensburg power station,,,Schleswig-Holstein,54.804965,9.432424,31,137,1,4,0,https://www.gem.wiki/Flensburg_power_station
Germany,L100000104720,Franken power station,,,Bayern,49.4208,11.0077,,412,0,2,0,https://www.gem.wiki/Franken_power_station
Germany,L100000101907,Frankfurt Oder power station,,,Hessen,52.318222,14.531517,,49,0,1,0,https://www.gem.wiki/Frankfurt_Oder_power_station
Germany,L100000101937,Frimmersdorf power station,,,North Rhine-Westphalia,51.056231,6.578444,,2506,0,15,1,https://www.gem.wiki/Frimmersdorf_power_station
Germany,L100000101912,GKH Hannover power station,,Hannover-Stöcken,Lower Saxony,52.420278,9.647508,300,,2,0,0,https://www.gem.wiki/GKH_Hannover_power_station
Germany,L100000101874,GKM (Mannheim) power station,,"Block 9 (Unit 9), Mannheim-Neckarau power station",Baden-Wuerttemberg,49.445694,8.490444,2147,440,4,2,0,https://www.gem.wiki/GKM_(Mannheim)_power_station
Germany,L100000101968,Gersteinwerk power station,,Werne Gerstein Block K power station,North Rhine-Westphalia,51.673532,7.720513,,665.5,0,1,0,https://www.gem.wiki/Gersteinwerk_power_station
Germany,L100000101938,Goldenberg power station,,,North Rhine-Westphalia,50.860995,6.843417,76,95,1,1,0,https://www.gem.wiki/Goldenberg_power_station
Germany,L100000101940,Gustav Knepper power station,,,North Rhine-Westphalia,51.5685,7.349061,,363.9,0,1,0,https://www.gem.wiki/Gustav_Knepper_power_station
Germany,L100000104706,Hafen Hamburg power station,,,Hamburg,53.487278,9.508231,,80,0,1,0,https://www.gem.wiki/Hafen_Hamburg_power_station
Germany,L100000101941,Hafen Muenster power station,,,North Rhine-Westphalia,51.95026,7.64051,,150,0,3,0,https://www.gem.wiki/Hafen_Muenster_power_station
Germany,L100000101897,Hafen power station,,"Mittelkalorik-Kraftwerk Bremen, Werk Hafen - Bremen (Mkk)",Bremen,53.124935,8.728692,,663,0,2,0,https://www.gem.wiki/Hafen_power_station
Germany,L100000400176,Halle Trotha power station,,Halle power station,Saxony-Anhalt,51.459096,11.992868,,60,0,2,0,https://www.gem.wiki/Halle_Trotha_power_station
Germany,L100000101899,Hamburg-Moorburg power station,,"Kohlekraftwerk Moorburg, KW Moorburg",Hamburg,53.49,9.951667,,1640,0,2,0,https://www.gem.wiki/Hamburg-Moorburg_power_station
Germany,L100000101898,Hastedt power station,,,Bremen,53.059155,8.873244,,130,0,1,0,https://www.gem.wiki/Hastedt_power_station
Germany,L100000101875,Heilbronn power station,,HLB7 (Unit 7),Baden-Wuerttemberg,49.175277,9.207428,1066,220,3,2,0,https://www.gem.wiki/Heilbronn_power_station
Germany,L100000101942,Herne power station,,,North Rhine-Westphalia,51.550673,7.187527,500,600,1,3,1,https://www.gem.wiki/Herne_power_station
Germany,L100000101944,Heyden power station,,Petershagen Heyden,North Rhine-Westphalia,52.381609,8.998612,,923,0,1,0,https://www.gem.wiki/Heyden_power_station
Germany,L100000101946,Huerth Ville / Berrenrath power station,,Huerth Ville - Berrenrath power station,North Rhine-Westphalia,50.867,6.836,57,,1,0,0,https://www.gem.wiki/Huerth_Ville_/_Berrenrath_power_station
Germany,L100000101945,Huerth power station,,,North Rhine-Westphalia,50.860408,6.838034,,,0,0,1,https://www.gem.wiki/Huerth_power_station
Germany,L100000101947,Ibbenbüren-B power station,,,North Rhine-Westphalia,52.28579,7.74601,,838,0,1,0,https://www.gem.wiki/Ibbenb%C3%BCren-B_power_station
Germany,L100000400186,Infraserv Hoechst power station,,,Hessen,50.091838,8.531305,,66,0,1,0,https://www.gem.wiki/Infraserv_Hoechst_power_station
Germany,L100000101893,Jaenschwalde Vattenfall power station,,,Brandenburg,51.834167,14.457222,,,0,0,1,https://www.gem.wiki/Jaenschwalde_Vattenfall_power_station
Germany,L100000101894,Janschwalde power station,,The innovative Jänschwalde storage power plant,Brandenburg,51.835666,14.457808,1605,1605,3,3,1,https://www.gem.wiki/Janschwalde_power_station
Germany,L100000400193,Kassel Kombi power station,,Kassel Swew power station,Hessen,51.279256,9.483365,38,,1,0,0,https://www.gem.wiki/Kassel_Kombi_power_station
Germany,L100000101994,Kiel power station,Küstenkraftwerk K.I.E.L.,Kiel East power station,Schleswig-Holstein,54.338671,10.176885,,354,0,1,0,https://www.gem.wiki/Kiel_power_station
Germany,L100000101995,Kiel-Wik power station,,,Schleswig-Holstein,54.333333,10.133333,,40,0,1,0,https://www.gem.wiki/Kiel-Wik_power_station
Germany,L100000101949,Krefeld-Uerdingen power station,,CHEMPARK Krefeld-Uerdingen power station,North Rhine-Westphalia,51.377382,6.65873,120,,1,0,1,https://www.gem.wiki/Krefeld-Uerdingen_power_station
Germany,L100000101950,Lausward power station,,Dusseldorf-Lausward,North Rhine-Westphalia,51.221389,6.731111,,450.4,0,2,1,https://www.gem.wiki/Lausward_power_station
Germany,L100000101983,Lippendorf power station,,,Saxony,51.184537,12.372852,1866,250,2,2,0,https://www.gem.wiki/Lippendorf_power_station
Germany,L100000101952,Luenen Steag power station,,,North Rhine-Westphalia,51.616294,7.480906,,,0,0,1,https://www.gem.wiki/Luenen_Steag_power_station
Germany,L100000101953,Luenen-Stummhafen power station,,Luenen Trianel,North Rhine-Westphalia,51.614389,7.464277,810,,1,0,0,https://www.gem.wiki/Luenen-Stummhafen_power_station
Germany,L100000101954,Lünen power station (KSBG),,,North Rhine-Westphalia,51.614042,7.481345,,520,0,2,0,https://www.gem.wiki/L%C3%BCnen_power_station_(KSBG)
Germany,L100000400278,Mainova West power station,,Frankfurt Heizkraftwerk West power station,Hessen,50.098779,8.655656,144,,2,0,0,https://www.gem.wiki/Mainova_West_power_station
Germany,L100000101972,Mainz power station,,"Mainz-Wiesbaden (Phase IV), Mainz Ingelheimer Aue (Phase IV), Kraftwerke Mainz-Wiesbaden",Rhineland-Palatinate,50.025872,8.24192,,300,0,3,1,https://www.gem.wiki/Mainz_power_station
Germany,L100000101913,Mehrum power station,,Multium,Lower Saxony,52.315108,10.093756,,750,0,1,0,https://www.gem.wiki/Mehrum_power_station
Germany,L100000101986,Mumsdorf power station,,,Saxony-Anhalt,51.071129,12.260828,,60,0,2,0,https://www.gem.wiki/Mumsdorf_power_station
Germany,L100000101884,München Nord power station,,"Awm Munchen Nord ST (Cogen), Heizkraftwerks Nord (HKW Nord)",Bayern,48.181171,11.639797,,365,0,1,0,https://www.gem.wiki/M%C3%BCnchen_Nord_power_station
Germany,L100000101939,Neurath power station,,"Neurath BoA 3 (Unit G), Neurath BoA 2 (Unit F), Grevenbroich-Neurath power station",North Rhine-Westphalia,51.035808,6.633038,2200,2224,2,5,0,https://www.gem.wiki/Neurath_power_station
Germany,L100000101957,Niederaussem power station,,,North Rhine-Westphalia,50.996883,6.667549,2278,1586,3,6,1,https://www.gem.wiki/Niederaussem_power_station
Germany,L100000101890,Oberhavel power station,,,Berlin,52.578108,13.215608,,200,0,2,0,https://www.gem.wiki/Oberhavel_power_station
Germany,L100000101904,Offenbach power station,,,Hessen,50.111293,8.745393,60,,1,0,0,https://www.gem.wiki/Offenbach_power_station
Germany,L100000104710,Offleben power station,,,Lower Saxony,52.1465,11.0291,,325,0,1,0,https://www.gem.wiki/Offleben_power_station
Germany,L100000101879,Pforzheim power station,,,Baden-Wuerttemberg,48.897266,8.72453,,30,0,1,0,https://www.gem.wiki/Pforzheim_power_station
Germany,L100000101987,Profen power station,,,Saxony-Anhalt,51.13333,12.21667,,,0,0,1,https://www.gem.wiki/Profen_power_station
Germany,L100000101977,Quierschied-Weiher power station,,Weiher Power Station,Saarland,49.335278,7.030556,724,150,1,1,0,https://www.gem.wiki/Weiher_power_station
Germany,L100000101880,RDK (Karlsruhe) power station,,"Rheinhafen, RDK, Karlsruhe-Rheinhafen, Rheinhafen-Dampfkraftwerk",Baden-Wuerttemberg,49.0125,8.302778,910,550,1,1,0,https://www.gem.wiki/RDK_(Karlsruhe)_power_station
Germany,L100000101975,Romerbrucke power station,,Saarbruecken-Roemerbruecke steam turbine,Saarland,49.223677,7.014874,53,,1,0,0,https://www.gem.wiki/Romerbrucke_power_station
Germany,L100000101924,Rostock power station,,,Mecklenburg-Vorpommern,54.142799,12.132865,553,,1,0,0,https://www.gem.wiki/Rostock_power_station
Germany,L100000101988,Schkopau power station,,,Saxony-Anhalt,51.398462,11.950385,980,,2,0,0,https://www.gem.wiki/Schkopau_power_station
Germany,L100000101959,Scholven power station,,Gelsenkirchen,North Rhine-Westphalia,51.60064,7.004609,740,1480,2,3,0,https://www.gem.wiki/Scholven_power_station
Germany,L100000104714,Schwandorf power station,,,Bavaria,49.303104,12.077386,,300,0,1,0,https://www.gem.wiki/Schwandorf_power_station
Germany,L100000101895,Schwarze Pumpe power station,,,Brandenburg,51.537855,14.353492,1600,,2,0,0,https://www.gem.wiki/Schwarze_Pumpe_power_station
Germany,L100000101960,Shamrock power station,,,North Rhine-Westphalia,51.528491,7.1778,,68,0,2,0,https://www.gem.wiki/Shamrock_power_station
Germany,L100000400251,Stade Dow power station,,,Lower Saxony,53.6535,9.4944,,,0,0,1,https://www.gem.wiki/Stade_Dow_power_station
Germany,L100000101915,Stade E.ON power station,,,Lower Saxony,53.6,9.48333,,,0,0,1,https://www.gem.wiki/Stade_E.ON_power_station
Germany,L100000101916,Stade GDF Suez power station,,,Lower Saxony,53.6,9.48333,,,0,0,1,https://www.gem.wiki/Stade_GDF_Suez_power_station
Germany,L100000101908,Staudinger power station,,Großkrotzenburg power station,Hessen,50.088361,8.952166,553,860,1,3,1,https://www.gem.wiki/Staudinger_power_station
Germany,L100000101881,Stuttgart-Muenster power station,,,Baden-Wuerttemberg,48.813842,9.219193,,96.4,0,2,0,https://www.gem.wiki/Stuttgart-Muenster_power_station
Germany,L100000101900,Tiefstack power station,,,Hamburg,53.526046,10.064258,205,,1,0,0,https://www.gem.wiki/Tiefstack_power_station
Germany,L100000101882,Universitat Freiburg power station,,,Baden-Wuerttemberg,47.983333,7.85,,36,0,1,0,https://www.gem.wiki/Universitat_Freiburg_power_station
Germany,L100000101961,Veltheim power station,,,North Rhine-Westphalia,52.190083,8.934485,,520,0,3,0,https://www.gem.wiki/Veltheim_power_station
Germany,L100000101963,Voerde West power station,,West (Voerde) power station,North Rhine-Westphalia,51.577267,6.681402,,712,0,2,0,https://www.gem.wiki/Voerde_West_power_station
Germany,L100000101962,Voerde power station,,,North Rhine-Westphalia,51.579097,6.68588,,1522,0,2,0,https://www.gem.wiki/Voerde_power_station
Germany,L100000101976,Völklingen-Fenne power station,,"Fenne power station, Voelklingen-Fenne",Saarland,49.249374,6.880646,,466,0,2,0,https://www.gem.wiki/V%C3%B6lklingen-Fenne_power_station
Germany,L100000101964,Wachtberg power station,,,North Rhine-Westphalia,50.616667,7.133333,,128,0,1,0,https://www.gem.wiki/Wachtberg_power_station
Germany,L100000101989,Waehlitz power station,,,Saxony-Anhalt,51.166317,12.076395,37.4,,1,0,0,https://www.gem.wiki/Waehlitz_power_station
Germany,L100000101883,Walheim power station,,,Baden-Wuerttemberg,49.01767,9.157693,,267,0,2,0,https://www.gem.wiki/Walheim_power_station
Germany,L100000101996,Wedel power station,Kohlekraftwerk Wedel,"KWK-Anlage Dradenau, Dradenau CHP Plant",Schleswig-Holstein,53.566837,9.725696,289.7,,2,0,0,https://www.gem.wiki/Wedel_power_station
Germany,L100000104716,Wehrden power station,,,Saarland,49.251873,6.833866,,110,0,1,0,https://www.gem.wiki/Wehrden_power_station
Germany,L100000101966,Weisweiler power station,,,North Rhine-Westphalia,50.839578,6.322382,1595,844,3,5,0,https://www.gem.wiki/Weisweiler_power_station
Germany,L100000101967,Werdohl-Elverlingsen power station,,,North Rhine-Westphalia,51.275736,7.707286,,530,0,2,0,https://www.gem.wiki/Werdohl-Elverlingsen_power_station
Germany,L100000104717,Westerholt power station,,,Lower Saxony,51.601111,7.063889,,300,0,2,0,https://www.gem.wiki/Westerholt_power_station
Germany,L100000101970,Westfalen power station,,"Hamm power station, Hamm-Uentrop power station (Unit D, Unit E)",North Rhine-Westphalia,51.678587,7.971364,,1435,0,4,1,https://www.gem.wiki/Westfalen_power_station
Germany,L100000101919,Wilhelmshaven E.ON power station,,,Lower Saxony,53.565866,8.146202,,788.1,0,1,1,https://www.gem.wiki/Wilhelmshaven_E.ON_power_station
Germany,L100000101920,Wilhelmshaven Engie power station,,Wilhelmshaven Riverstone Holdings,Lower Saxony,53.5748,8.137,830,,1,0,0,https://www.gem.wiki/Wilhelmshaven_Engie_power_station
Germany,L100000101922,Wolfsburg North power station,,Werk Wolfsburg Nord power station,Lower Saxony,52.431703,10.786957,,140,0,2,0,https://www.gem.wiki/Wolfsburg_North_power_station
Germany,L100000101923,Wolfsburg West power station,,Werk Wolfsburg West power station,Lower Saxony,52.441544,10.765079,,306,0,2,0,https://www.gem.wiki/Wolfsburg_West_power_station
Germany,L100000101971,Wuppertal-Elberfeld power station,,,North Rhine-Westphalia,51.248386,7.118781,,100,0,1,0,https://www.gem.wiki/Wuppertal-Elberfeld_power_station
Germany,L100000101885,Zolling power station,,,Bayern,48.455287,11.799544,,474,0,1,0,https://www.gem.wiki/Zolling_power_station
Greece,L100000102002,Agios Dimitrios power station,,ΑΗΣ Αγίου Δημητρίου,Western Macedonia,40.394185,21.924886,995,600,3,2,0,https://www.gem.wiki/Agios_Dimitrios_power_station
Greece,L100000102003,Amyntaio power station,,Amintaio power station,Western Macedonia,40.61933,21.682777,,600,0,2,0,https://www.gem.wiki/Amyntaio_power_station
Greece,L100000102004,Florina (Meliti) Power Station,,,Western Macedonia,40.8114,21.6014,,330,0,1,1,https://www.gem.wiki/Florina_(Meliti)_Power_Station
Greece,L100000102005,Kardia power station,,SITHYA cogeneration,Western Macedonia,40.410625,21.786145,,1250,0,4,0,https://www.gem.wiki/Kardia_power_station
Greece,L100000101999,Larimna power station,,,Stereo Ellada,38.56582,23.284911,,,0,0,1,https://www.gem.wiki/Larimna_power_station
Greece,L100000102006,Liptol power station,,,Western Macedonia,40.4,21.5,,33,0,1,0,https://www.gem.wiki/Liptol_power_station
Greece,L100000101998,Megalopoli power station,,Megalopolis,Arkadía,37.417449,22.107892,,850,0,4,0,https://www.gem.wiki/Megalopoli_power_station
Greece,L100000102007,Ptolemaïda power station,,Ptolemaida-V (Unit 5),Western Macedonia,40.480491,21.72746,660,620,1,4,0,https://www.gem.wiki/Ptolema%C3%AFda_power_station
Hungary,L100000102020,Bakony power station,,"Ajka Power Plant, Ajka II Gőzkogén Üzem",Central Transdanubia,47.0956,17.558444,,60,0,2,0,https://www.gem.wiki/Bakony_power_station
Hungary,L100000104703,Banhida-II power station,,,Central Transdanubia,47.571057,18.365557,,100,0,1,0,https://www.gem.wiki/Banhida-II_power_station
Hungary,L100000102027,Borsod power station,,,Northern Hungary,47.904814,21.055306,,90,0,3,2,https://www.gem.wiki/Borsod_power_station
Hungary,L100000102023,Matra power station,A Mátrai Erőmű,"Matrai Eromu (Unit 6 (renewed proposal)), Visonta power station (Unit 6 (renewed proposal)), Mátra Széngyár",Northern Hungary,47.79027,20.06358,884,,5,0,1,https://www.gem.wiki/Matra_power_station
Hungary,L100000102025,Matraterenye power station,,,Northern Hungary,48.016667,19.95,,,0,0,1,https://www.gem.wiki/Matraterenye_power_station
Hungary,L100000102028,Mecsek Hills power station,,,Southern Transdanubia,46.1,18.083333,,,0,0,1,https://www.gem.wiki/Mecsek_Hills_power_station
Hungary,L100000102029,Mohacs power station,,,Southern Transdanubia,45.99593,18.67985,,,0,0,1,https://www.gem.wiki/Mohacs_power_station
Hungary,L100000102024,Oroszlány power station,,Oroszlányi Gőzkogén Üzem,Central Transdanubia,47.501741,18.271075,,250,0,4,0,https://www.gem.wiki/Oroszlány_power_station
Hungary,L100000102021,Pecs power station,,Pécs ST (Cogen) Erőmű,Southern Transdanubia,46.064103,18.263048,,60,0,1,0,https://www.gem.wiki/Pecs_power_station
Hungary,L100000102026,Tiszapalkonya power station,,,Northern Hungary,47.916826,21.075933,,265,0,5,0,https://www.gem.wiki/Tiszapalkonya_power_station
Hungary,L100000102030,Torony power station,,,Western Transdanubia,47.23626,16.53706,,,0,0,1,https://www.gem.wiki/Torony_power_station
India,L100000102537,ARS Metals Gummidipoondi captive power station,,,Tamil Nadu,13.423889,80.066111,60,,1,0,2,https://www.gem.wiki/ARS_Metals_Gummidipoondi_captive_power_station
India,L100000102376,ASTARC power station,,,Maharashtra,20.863784,79.273739,,,0,0,2,https://www.gem.wiki/ASTARC_power_station
India,L100000102373,Adani Anuppur Thermal Power Plant,,,Madhya Pradesh,23.206979,81.979321,,,0,0,4,https://www.gem.wiki/Adani_Anuppur_Thermal_Power_Plant
India,L100001080946,Adani Chapar power station,,,Assam,26.2314806,90.3041611,,,0,0,4,https://www.gem.wiki/Adani_Chapar_power_station
India,L100000102243,Adani Godda power station,,Paraspani power station,Jharkhand,24.814107,87.135465,1600,,2,0,0,https://www.gem.wiki/Adani_Godda_power_station
India,L100000102121,Adani Raigarh Thermal Power Plant,,"Adani Korba West power station, Avantha Power Korba West Power Project",Chhattisgarh,21.743775,83.274093,600,,1,0,4,https://www.gem.wiki/Adani_Raigarh_Thermal_Power_Plant
India,L100000102591,Adilibad power station (Shalivahana Power Corp.),,,Telangana,19.159958,79.530837,,,0,0,1,https://www.gem.wiki/Adilibad_power_station_(Shalivahana_Power_Corp.)
India,L100000102441,Aditya Aluminium power station,,,Odisha,21.740068,84.060592,900,,6,0,0,https://www.gem.wiki/Aditya_Aluminium_power_station
India,L100000102658,Adra Purulia power station,,,West Bengal,23.5,86.67,,,0,0,2,https://www.gem.wiki/Adra_Purulia_power_station
India,L100000102519,Ajmer power station,,Shree Cement Ltd TPS,Rajasthan,26.073889,74.385,300,,2,0,0,https://www.gem.wiki/Ajmer_power_station
India,L100000102193,Akrimota Power Project,,,Gujarat,23.7724998,68.6455556,250,,2,0,1,https://www.gem.wiki/Akrimota_Power_Project
India,L100000102609,Amauli Fatehpur power station,,,Uttar Pradesh,26.013576,80.307383,,,0,0,3,https://www.gem.wiki/Amauli_Fatehpur_power_station
India,L100000105017,Ambuja Cements Limited power station,,ACL Thermal power station,Chhattisgarh,21.67005,82.08339,33,,1,0,0,https://www.gem.wiki/Ambuja_Cements_Limited_power_station
India,L100000102194,Ambujanagar Cement Plant power station,,,Gujarat,20.835455,70.69554,90,,3,0,0,https://www.gem.wiki/Ambujanagar_Cement_Plant_power_station
India,L100000102122,Amoda power station,,,Chhattisgarh,21.848753,82.652278,,,0,0,1,https://www.gem.wiki/Amoda_power_station
India,L100000102375,Amravati Thermal Power Project,,,Maharashtra,21.080316,77.901242,1350,,5,0,7,https://www.gem.wiki/Amravati_Thermal_Power_Project
India,L100000102195,Amreli power station,,,Gujarat,21.602871,71.21817,,,0,0,2,https://www.gem.wiki/Amreli_power_station
India,L100000102443,Angul Smelter power station,,,Odisha,20.8490264,85.1902199,1200,,10,0,2,https://www.gem.wiki/Angul_Smelter_power_station
India,L100000102444,Angul Steel power station,,,Odisha,20.892474,84.99039,810,,6,0,0,https://www.gem.wiki/Angul_Steel_power_station
India,L100000102442,Angul power station,,,Odisha,21.127044,84.980552,1200,,2,0,2,https://www.gem.wiki/Angul_power_station
India,L100000102031,Ankulapatur power station,,,Andhra Pradesh,14.138344,79.990881,,,0,0,2,https://www.gem.wiki/Ankulapatur_power_station
India,L100000102610,Anpara power station,,,Uttar Pradesh,24.202043,82.789128,1630,,5,0,0,https://www.gem.wiki/Anpara_power_station
India,L100000102611,Anpara-C power station,,,Uttar Pradesh,24.203788,82.79733,1200,,2,0,0,https://www.gem.wiki/Anpara-C_power_station
India,L100000102612,Anpara-D power station,,,Uttar Pradesh,24.196262,82.806342,1000,,2,0,0,https://www.gem.wiki/Anpara-D_power_station
India,L100000102613,Anpara-E power station,,,Uttar Pradesh,26.192778,79.940278,,,0,0,2,https://www.gem.wiki/Anpara-E_power_station
India,L100001000082,Anpara-E power station (MUNPL),,,Uttar Pradesh,24.204564,82.782678,,,0,0,2,https://www.gem.wiki/Anpara-E_power_station_(MUNPL)
India,L100000102318,Anuppur Thermal Power Project,,,Madhya Pradesh,23.073731,81.784286,1260,,2,0,4,https://www.gem.wiki/Anuppur_Thermal_Power_Project
India,L100000102317,Anuppur power station (Newzone),,,Madhya Pradesh,23.152987,81.832352,,,0,0,1,https://www.gem.wiki/Anuppur_power_station_(Newzone)
India,L100000102123,Arasmeta Cement Plant power station,,,Chhattisgarh,21.96226628,82.35440269,86,,2,0,0,https://www.gem.wiki/Arasmeta_Cement_Plant_power_station
India,L100000102659,Asansol Crescent power station,,,West Bengal,23.7845702,87.04724461,40,,1,0,0,https://www.gem.wiki/Asansol_Crescent_power_station
India,L100000102660,Asansol power station,,,West Bengal,23.68,86.99,,,0,0,2,https://www.gem.wiki/Asansol_power_station
India,L100000102124,Athena Chhattisgarh power station,,"Singhitari, Singhitarai, Vedanta Chhattisgarh power station",Chhattisgarh,21.906765,83.129001,600,,1,0,1,https://www.gem.wiki/Athena_Chhattisgarh_power_station
India,L100000102538,Athiyakurichi power station,,,Tamil Nadu,8.43,78.02,,,0,0,4,https://www.gem.wiki/Athiyakurichi_power_station
India,L100000104755,Atul power station,,,Gujarat,20.537058,72.933282,84,,2,0,0,https://www.gem.wiki/Atul_power_station
India,L100000102614,Auraiya IGCC power station,,,Uttar Pradesh,26.46401,79.506462,,,0,0,1,https://www.gem.wiki/Auraiya_IGCC_power_station
India,L100000102615,Auraiya Unitech power station,,,Uttar Pradesh,26.46401,79.506462,,,0,0,1,https://www.gem.wiki/Auraiya_Unitech_power_station
India,L100000102125,BALCO Korba power station,,,Chhattisgarh,22.3930944,82.7439443,2010,,12,0,0,https://www.gem.wiki/BALCO_Korba_power_station
India,L100000102135,BLA Chhattisgarh power station,,,Chhattisgarh,22.172721,83.353397,,,0,0,1,https://www.gem.wiki/BLA_Chhattisgarh_power_station
India,L100000102445,Babandh power station,,,Odisha,20.826425,85.296478,,,0,0,4,https://www.gem.wiki/Babandh_power_station
India,L100000102191,Badarpur power station,,,Delhi,28.505394,77.307406,,705,0,5,0,https://www.gem.wiki/Badarpur_power_station
India,L100000102661,Bakreswar Thermal Power Station,,,West Bengal,23.8292205,87.451034,1050,,5,0,2,https://www.gem.wiki/Bakreswar_Thermal_Power_Station
India,L100000102662,Balagarh power station,,,West Bengal,23.126218,88.456134,,,0,0,3,https://www.gem.wiki/Balagarh_power_station
India,L100000102032,Balaji Cement power station,,Balaji Cement Works CPP,Andhra Pradesh,16.87048839,80.02201662,35,,1,0,0,https://www.gem.wiki/Balaji_Cement_power_station
India,L100000102446,Balangir power station,,,Odisha,20.220833,83.191667,,,0,0,2,https://www.gem.wiki/Balangir_power_station
India,L100000102377,Ballarpur Bilt Power power station,,,Maharashtra,19.860468,79.339438,40,,1,0,0,https://www.gem.wiki/Ballarpur_Bilt_Power_power_station
India,L100000102126,Balpur power station,,,Chhattisgarh,22.045391,82.647886,,,0,0,1,https://www.gem.wiki/Balpur_power_station
India,L100000102319,Banas Thermal Power project (Anuppur),,,Madhya Pradesh,23.102944,81.698098,,,0,0,2,https://www.gem.wiki/Banas_Thermal_Power_project_(Anuppur)
India,L100000102663,Bandel Thermal Power Station,,,West Bengal,22.995746,88.403815,270,180,2,3,0,https://www.gem.wiki/Bandel_Thermal_Power_Station
India,L100000102033,Bander power station,,"Pynampuram (Painampuram) power station, Thermal Powertech Corporation India, Sembcorp Gayatri Power Complex",Andhra Pradesh,14.351195,80.143086,1320,,2,0,1,https://www.gem.wiki/Bander_power_station
India,L100000102089,Banka Power Project,,,Bihar,24.714049,86.958329,,,0,0,4,https://www.gem.wiki/Banka_Power_Project
India,L100000102320,Bansagar power station,,,Madhya Pradesh,24.023398,81.374295,,,0,0,2,https://www.gem.wiki/Bansagar_power_station
India,L100000102520,Banswara Thermal Power Station,,,Rajasthan,23.540541,74.442253,,,0,0,2,https://www.gem.wiki/Banswara_Thermal_Power_Station
India,L100000102616,Bara Thermal Power Project,,Prayagraj TPP,Uttar Pradesh,25.196345,81.658534,1980,,3,0,1,https://www.gem.wiki/Bara_Thermal_Power_Project
India,L100000102617,Barabanki power station,,,Uttar Pradesh,26.92,81.2,,,0,0,1,https://www.gem.wiki/Barabanki_power_station
India,L100000102127,Baradarha power station,,DB Power TPP,Chhattisgarh,21.911436,83.188863,1200,,2,0,0,https://www.gem.wiki/Baradarha_power_station
India,L100000102447,Baragaon power station,,,Odisha,20.332072,82.692032,,,0,0,1,https://www.gem.wiki/Baragaon_power_station
India,L100000102245,Baranda power station,,,Jharkhand,23.192189,85.708852,,,0,0,1,https://www.gem.wiki/Baranda_power_station
India,L100000102090,Barauni power station,,Barauni Thermal Power Station,Bihar,25.391376,86.023488,500,220,2,2,0,https://www.gem.wiki/Barauni_power_station
India,L100000102448,Barbil Jagannath power station,,,Odisha,22.13236095,85.38307057,30,,1,0,0,https://www.gem.wiki/Barbil_Jagannath_power_station
India,L100000102321,Barethi Super Thermal Power Project,,,Madhya Pradesh,24.783333,79.9,,,0,0,4,https://www.gem.wiki/Barethi_Super_Thermal_Power_Project
India,L100000102618,Bargarh power station,,,Uttar Pradesh,25.135941,81.444717,,,0,0,3,https://www.gem.wiki/Bargarh_power_station
India,L100000102092,Barh I power station,,Barh STPP,Bihar,25.4865,85.74516,1980,,3,0,0,https://www.gem.wiki/Barh_I_power_station
India,L100000102093,Barh II power station,,,Bihar,25.4865,85.74516,1320,,2,0,0,https://www.gem.wiki/Barh_II_power_station
India,L100000102619,Barkhera IPP power station,,,Uttar Pradesh,28.4722812,79.80672463,90,,2,0,0,https://www.gem.wiki/Barkhera_IPP_power_station
India,L100000102521,Barsingsar Thermal Power Project,,Barsingsar TPP Extension Project (Unit 3),Rajasthan,27.845022,73.199426,250,,2,0,1,https://www.gem.wiki/Barsingsar_Thermal_Power_Project
India,L100000102450,Basundhara power station,,,Odisha,22.116667,84.033333,,,0,0,5,https://www.gem.wiki/Basundhara_power_station
India,L100000102379,Bela power station,,,Maharashtra,20.80915,79.054892,270,,1,0,3,https://www.gem.wiki/Bela_power_station
India,L100000102378,Bela power station (Mantri Power),,,Maharashtra,20.806389,79.051944,,,0,0,1,https://www.gem.wiki/Bela_power_station_(Mantri_Power)
India,L100000102293,Bellary Thermal Power Station,,,Karnataka,15.1931738,76.7195034,1700,,3,0,0,https://www.gem.wiki/Bellary_Thermal_Power_Station
India,L100000102592,Bhadradri power station,,Manuguru power station,Telangana,18.027488,80.735645,1080,,4,0,0,https://www.gem.wiki/Bhadradri_power_station
India,L100000102380,Bhadravati power station (Ispat),,,Maharashtra,20.110047,79.121003,,,0,0,1,https://www.gem.wiki/Bhadravati_power_station_(Ispat)
India,L100000102381,Bhadravati power station (MIDC),,,Maharashtra,20.110047,79.121003,,,0,0,2,https://www.gem.wiki/Bhadravati_power_station_(MIDC)
India,L100000102196,Bhadreshwar Thermal Power Project (Adani),,,Gujarat,22.909409,69.899944,,,0,0,5,https://www.gem.wiki/Bhadreshwar_Thermal_Power_Project_(Adani)
India,L100000102197,Bhadreshwar power station (OPG),,"Kutch OPG power station, Bhadreshwar Vidyut",Gujarat,22.896182,69.896263,300,,2,0,0,https://www.gem.wiki/Bhadreshwar_power_station_(OPG)
India,L100000102094,Bhagalpur Power Project,,,Bihar,25.26354,87.234444,,,0,0,3,https://www.gem.wiki/Bhagalpur_Power_Project
India,L100000102128,Bhaiso power station,,,Chhattisgarh,21.87841,82.451637,,,0,0,2,https://www.gem.wiki/Bhaiso_power_station
India,L100000102129,Bhaiyathan Thermal Power Project,,,Chhattisgarh,23.343798,83.196042,,,0,0,1,https://www.gem.wiki/Bhaiyathan_Thermal_Power_Project
India,L100000102382,Bhandara power station,,,Maharashtra,21.271844,79.688234,,,0,0,4,https://www.gem.wiki/Bhandara_power_station
India,L100000102383,Bhandewadi power station,,,Maharashtra,20.009935,79.195774,,,0,0,1,https://www.gem.wiki/Bhandewadi_power_station
India,L100000102130,Bhandhakhar power station,,,Chhattisgarh,22.340954,82.430603,300,,1,0,0,https://www.gem.wiki/Bhandhakhar_power_station
India,L100000102451,Bhapur power station,,,Odisha,20.285546,85.294762,,,0,0,2,https://www.gem.wiki/Bhapur_power_station
India,L100000102198,Bhatvadia power station,,,Gujarat,22.467,70.067,,,0,0,4,https://www.gem.wiki/Bhatvadia_power_station
India,L100000102034,Bhavanapadu Thermal Power Project,,,Andhra Pradesh,18.521385,84.239312,,,0,0,4,https://www.gem.wiki/Bhavanapadu_Thermal_Power_Project
India,L100000102199,Bhavnagar power station,,"Bhavnagar Lignite Thermal Power Station, Padva",Gujarat,21.583152,72.222179,500,,2,0,0,https://www.gem.wiki/Bhavnagar_power_station
India,L100000102246,Bhawnathpur power station,,,Jharkhand,24.17,83.81,,,0,0,2,https://www.gem.wiki/Bhawnathpur_power_station
India,L100000102131,Bhengari power station,,,Chhattisgarh,22.141667,83.243889,,,0,0,1,https://www.gem.wiki/Bhengari_power_station
India,L100000102200,Bherai power station,,,Gujarat,20.971759,71.482995,,,0,0,2,https://www.gem.wiki/Bherai_power_station
India,L100000102384,Bhigwan Mill power station,,Pune Mill power station,Maharashtra,18.242234,74.752554,60,,2,0,0,https://www.gem.wiki/Bhigwan_Mill_power_station
India,L100000102132,Bhilai Steel power station,,,Chhattisgarh,21.184,81.4237,560,,4,0,4,https://www.gem.wiki/Bhilai_Steel_power_station
India,L100000102620,Bhognipur power station,,,Uttar Pradesh,26.194167,79.9075,,,0,0,2,https://www.gem.wiki/Bhognipur_power_station
India,L100000102452,Bhubaneshwar Jasper power station,,Tata Steel and Jasper Industries,Odisha,20.479398,85.74492,135,,2,0,0,https://www.gem.wiki/Bhubaneshwar_Jasper_power_station
India,L100000102247,Bhusar power station,,,Jharkhand,23.73,84.47,,,0,0,1,https://www.gem.wiki/Bhusar_power_station
India,L100000102385,Bhusawal Thermal Power Station,,"Bhusawal-C Thermal Power Station Unit 1 (Unit C4), Bhusawal-A Thermal Power Station Unit 1 (Unit A1), Bhusawal-C Thermal Power Station Unit 2 (Unit C5), Bhusawal-B Thermal Power Station Unit 1 (Unit B2), Bhusawal-B Thermal Power Station Unit 2 (Unit B3)",Maharashtra,21.04798,75.85502,1870,265,4,2,0,https://www.gem.wiki/Bhusawal_Thermal_Power_Station
India,L100000102664,Bhushan Steel West Bengal project,,,West Bengal,22.986757,87.854975,,,0,0,1,https://www.gem.wiki/Bhushan_Steel_West_Bengal_project
India,L100000102105,Bihar Ultra Mega Power Project,,,Bihar,24.833324,86.874819,,,0,0,1,https://www.gem.wiki/Bihar_Ultra_Mega_Power_Project
India,L100000102323,Bijor power station,,,Madhya Pradesh,25.43,79.71,,,0,0,3,https://www.gem.wiki/Bijor_power_station
India,L100000102386,Bijora power station,,,Maharashtra,19.707122,77.737584,,,0,0,3,https://www.gem.wiki/Bijora_power_station
India,L100001042985,Bikaner Thermal Power Project,,,Rajasthan,28.026554,73.318338,,,0,0,3,https://www.gem.wiki/Bikaner_Thermal_Power_Project
India,L100000102621,Bilhaur Super Thermal Power Plant,,,Uttar Pradesh,26.763391,80.05806,,,0,0,2,https://www.gem.wiki/Bilhaur_Super_Thermal_Power_Plant
India,L100000102324,Bina Thermal Power Project,,,Madhya Pradesh,24.317222,78.133564,500,,2,0,1,https://www.gem.wiki/Bina_Thermal_Power_Project
India,L100000102133,Binjkote power station,,,Chhattisgarh,22.010422,83.205779,600,,2,0,2,https://www.gem.wiki/Binjkote_power_station
India,L100000102202,Birla Jamnagar power station,,,Gujarat,22.57809,70.277363,,,0,0,1,https://www.gem.wiki/Birla_Jamnagar_power_station
India,L100000102134,Birra Thermal Power Project,,,Chhattisgarh,21.756471,82.782962,,,0,0,2,https://www.gem.wiki/Birra_Thermal_Power_Project
India,L100000102522,Bithnok Thermal Power Project,,,Rajasthan,27.849853,72.717276,,,0,0,1,https://www.gem.wiki/Bithnok_Thermal_Power_Project
India,L100000104769,Bodal captive coal plant,,,Gujarat,21.802883,72.853913,,,0,0,2,https://www.gem.wiki/Bodal_captive_coal_plant
India,L100000102250,Bokaro Steel City Thermal Power Station,,Bokaro Works power station,Jharkhand,23.685875,86.092944,326,,6,0,0,https://www.gem.wiki/Bokaro_Steel_City_Thermal_Power_Station
India,L100000102248,Bokaro Thermal Power Station,,,Jharkhand,23.782944,85.883391,500,630,1,3,0,https://www.gem.wiki/Bokaro_Thermal_Power_Station
India,L100000102085,Bongaigaon power station,,,Assam,26.44437,90.367205,750,,3,0,1,https://www.gem.wiki/Bongaigaon_power_station
India,L100000104750,Bongaigaon power station (Retired),,,Assam,26.440556,90.361944,,1000,0,4,0,https://www.gem.wiki/Bongaigaon_power_station_(Retired)
India,L100000102086,Borgolai power station,,,Assam,27.303147,95.442638,,,0,0,1,https://www.gem.wiki/Borgolai_power_station
India,L100000102035,Budele power station,,,Andhra Pradesh,14.670709,77.590744,,,0,0,1,https://www.gem.wiki/Budele_power_station
India,L100000102665,Budge Budge Generating Station,,,West Bengal,22.470344,88.139949,750,,3,0,0,https://www.gem.wiki/Budge_Budge_Generating_Station
India,L100000102136,Bunji Bundeli Thermal Power Project,,,Chhattisgarh,23.652072,82.048187,,,0,0,1,https://www.gem.wiki/Bunji_Bundeli_Thermal_Power_Project
India,L100000102666,Burdwan power station,,,West Bengal,23.584293,87.116954,,,0,0,2,https://www.gem.wiki/Burdwan_power_station
India,L100000102387,Butibori Power Project,,,Maharashtra,20.928591,78.933281,600,,2,0,1,https://www.gem.wiki/Butibori_Power_Project
India,L100000102095,Buxar Thermal Power Station,,,Bihar,25.462349,83.882568,660,,1,0,2,https://www.gem.wiki/Buxar_Thermal_Power_Station
India,L100000102096,Casecade Power Lakhisarai power station,,,Bihar,24.75,85,,,0,0,1,https://www.gem.wiki/Casecade_Power_Lakhisarai_power_station
India,L100000102539,Cauvery Power Gummidipoondi captive power station,,,Tamil Nadu,13.423182,80.066316,63,,1,0,2,https://www.gem.wiki/Cauvery_Power_Gummidipoondi_captive_power_station
India,L100000102325,Chadhana power station,,,Madhya Pradesh,24.53,81.29,,,0,0,1,https://www.gem.wiki/Chadhana_power_station
India,L100000102137,Chakabura power station,,,Chhattisgarh,22.393653,82.553249,30,30,1,1,0,https://www.gem.wiki/Chakabura_power_station
India,L100000102294,Chamalapura power station,,,Karnataka,12.19,76.45,,,0,0,2,https://www.gem.wiki/Chamalapura_power_station
India,L100000102138,Champa Adhunik power station,,,Chhattisgarh,22.03,82.97,,,0,0,1,https://www.gem.wiki/Champa_Adhunik_power_station
India,L100000102139,Champa Power Project,,,Chhattisgarh,22.270035,82.614098,,,0,0,2,https://www.gem.wiki/Champa_Power_Project
India,L100000102523,Chanderiya Smelter power station,,,Rajasthan,24.963223,74.668532,234,,3,0,0,https://www.gem.wiki/Chanderiya_Smelter_power_station
India,L100000102251,Chandil Singh power station,,,Jharkhand,22.48,86.72,,,0,0,1,https://www.gem.wiki/Chandil_Singh_power_station
India,L100001000153,Chandrapur (Assam) power station,,,Assam,26.192572,91.920035,,60,0,2,0,https://www.gem.wiki/Chandrapur_(Assam)_power_station
India,L100000102388,Chandrapur Thermal Power Station,,Chandrapur Super Thermal Power Station,Maharashtra,20.0063,79.29,2920,420,7,2,0,https://www.gem.wiki/Chandrapur_Thermal_Power_Station
India,L100000102389,Chandrapur Works power station,,,Maharashtra,20.36937168,78.88289033,40,,1,0,0,https://www.gem.wiki/Chandrapur_Works_power_station
India,L100000102252,Chandrapura power station,,,Jharkhand,23.7412565,86.1202088,500,390,2,3,2,https://www.gem.wiki/Chandrapura_power_station
India,L100000102253,Chandwa Power Project,,,Jharkhand,23.739508,84.781859,,,0,0,6,https://www.gem.wiki/Chandwa_Power_Project
India,L100000102254,Chapariya power station,,,Jharkhand,24.49,86.7,,,0,0,1,https://www.gem.wiki/Chapariya_power_station
India,L100000102540,Chennai power station,,Gummidipoondi OPB,Tamil Nadu,13.437422,80.09788,414,,4,0,2,https://www.gem.wiki/Chennai_power_station
India,L100000102541,Cheyyur Ultra Mega Power Project,,,Tamil Nadu,12.3125,79.9825,,,0,0,1,https://www.gem.wiki/Cheyyur_Ultra_Mega_Power_Project
India,L100000102524,Chhabra Thermal Power Station,,,Rajasthan,24.62092,77.035439,2320,,6,0,2,https://www.gem.wiki/Chhabra_Thermal_Power_Station
India,L100000102326,Chhindwara JSW power station,,,Madhya Pradesh,22.059551,78.938627,,,0,0,2,https://www.gem.wiki/Chhindwara_JSW_power_station
India,L100000102255,Chichro Patsimal power station,,,Jharkhand,23.691349,85.272247,,,0,0,1,https://www.gem.wiki/Chichro_Patsimal_power_station
India,L100000102327,Chitrangi Power Project,,,Madhya Pradesh,24.364797,82.6469,,,0,0,6,https://www.gem.wiki/Chitrangi_Power_Project
India,L100000102454,Choudwar power station,,"Utkal Power (Unit 4, Unit 5), Choudwar IMFA power station",Odisha,20.535296,85.910723,258,,5,0,0,https://www.gem.wiki/Choudwar_power_station
India,L100000102622,Chunar Cement power station,,,Uttar Pradesh,25.090885,82.897339,38,,1,0,0,https://www.gem.wiki/Chunar_Cement_power_station
India,L100000102623,Churk captive power station,,,Uttar Pradesh,24.639104,83.101085,180,,3,0,1,https://www.gem.wiki/Churk_captive_power_station
India,L100000102390,Coastal Maharashtra Project,,,Maharashtra,18.75,72.9583,,,0,0,2,https://www.gem.wiki/Coastal_Maharashtra_Project
India,L100000102667,Cossipore power station,,,West Bengal,22.624408,88.368656,,160,0,4,0,https://www.gem.wiki/Cossipore_power_station
India,L100000102542,Cuddalore IL&FS power station,,,Tamil Nadu,11.52150938,79.75150092,1200,,2,0,3,https://www.gem.wiki/Cuddalore_IL&FS_power_station
India,L100000102544,Cuddalore SRM power station,,,Tamil Nadu,11.522222,79.669444,,,0,0,3,https://www.gem.wiki/Cuddalore_SRM_power_station
India,L100000102543,Cuddalore power station,,,Tamil Nadu,11.65,79.75,,,0,0,2,https://www.gem.wiki/Cuddalore_power_station
India,L100000102457,Cuttack Works power station,,,Odisha,20.51591274,85.7230978,110,,2,0,0,https://www.gem.wiki/Cuttack_Works_power_station
India,L100000102456,Cuttack power station (VISA Power),,,Odisha,20.515062,85.76726,,,0,0,1,https://www.gem.wiki/Cuttack_power_station_(VISA_Power)
India,L100000102328,Dabaura power station,,,Madhya Pradesh,25.115556,81.303889,,,0,0,6,https://www.gem.wiki/Dabaura_power_station
India,L100000102329,Dada Dhuniwale Thermal Power Project,,,Madhya Pradesh,21.825011,76.346383,,,0,0,2,https://www.gem.wiki/Dada_Dhuniwale_Thermal_Power_Project
India,L100000102391,Dahanu power station,,,Maharashtra,19.9545,72.7478,500,,2,0,1,https://www.gem.wiki/Dahanu_power_station
India,L100000102203,Dahej Thermal Power Project,,,Gujarat,21.697468,72.592506,,,0,0,4,https://www.gem.wiki/Dahej_Thermal_Power_Project
India,L100000102295,Danapuram BMM power station,,,Karnataka,15.170332,76.379077,235,,2,0,0,https://www.gem.wiki/Danapuram_BMM_power_station
India,L100000102256,Danbhum power station,,,Jharkhand,23.78,86.72,,,0,0,2,https://www.gem.wiki/Danbhum_power_station
India,L100000102458,Darlipali power station,,"Darlipalli Super Thermal Power Station, Darlipali STPS",Odisha,21.963554,83.89187,1600,,2,0,4,https://www.gem.wiki/Darlipali_power_station
India,L100000102234,Deenbandhu Chhotu Ram Thermal Power Plant,,Yamunanagar power station; DCRTPP,Haryana,30.1075175,77.3267646,600,,2,0,1,https://www.gem.wiki/Deenbandhu_Chhotu_Ram_Thermal_Power_Plant
India,L100000102257,Deoghar Ultra Mega Power Project,,,Jharkhand,24.36,86.597778,,,0,0,1,https://www.gem.wiki/Deoghar_Ultra_Mega_Power_Project
India,L100000102330,Devaldi power station,,,Madhya Pradesh,21.83,76.34,,,0,0,2,https://www.gem.wiki/Devaldi_power_station
India,L100000102036,Devarampadu power station,,,Andhra Pradesh,15.5,80.05,,,0,0,1,https://www.gem.wiki/Devarampadu_power_station
India,L100000102392,Devgad UMPP,,,Maharashtra,16.3735,73.3778,,,0,0,1,https://www.gem.wiki/Devgad_UMPP
India,L100000102393,Dhakore power station,,,Maharashtra,15.766642,73.70004,,,0,0,1,https://www.gem.wiki/Dhakore_power_station
India,L100000102140,Dhanras power station,,,Chhattisgarh,22.5,82.55,,,0,0,3,https://www.gem.wiki/Dhanras_power_station
India,L100000102141,Dhardai power station,,,Chhattisgarh,21.878943,82.451606,,,0,0,1,https://www.gem.wiki/Dhardai_power_station
India,L100000102394,Dhariwal power station,,,Maharashtra,20.010588,79.203433,600,,2,0,0,https://www.gem.wiki/Dhariwal_power_station
India,L100000102037,Dharmavaram power station,,,Andhra Pradesh,14.413745,77.712619,,,0,0,1,https://www.gem.wiki/Dharmavaram_power_station
India,L100000102204,Dholera Power Plant,,,Gujarat,22.248,72.195,,,0,0,2,https://www.gem.wiki/Dholera_Power_Plant
India,L100000102396,Dhopave Thermal Power Station (Mahagenco),,,Maharashtra,17.55829,73.192694,,,0,0,4,https://www.gem.wiki/Dhopave_Thermal_Power_Station_(Mahagenco)
India,L100000102395,Dhopave coal plant (NTPC),,,Maharashtra,17.55829,73.192694,,,0,0,1,https://www.gem.wiki/Dhopave_coal_plant_(NTPC)
India,L100000102206,Dhuvaran Super Thermal Power Project,,,Gujarat,22.233007,72.757241,,,0,0,2,https://www.gem.wiki/Dhuvaran_Super_Thermal_Power_Project
India,L100000102397,Dolvi captive power station,,,Maharashtra,18.530398,72.92038,,,0,0,1,https://www.gem.wiki/Dolvi_captive_power_station
India,L100000102097,Dona power station,,,Bihar,24.83,85.42,,,0,0,1,https://www.gem.wiki/Dona_power_station
India,L100000102398,Dondaicha Thermal Power Station,,,Maharashtra,21.274722,74.606944,,,0,0,5,https://www.gem.wiki/Dondaicha_Thermal_Power_Station
India,L100000102142,Dongamahua Captive Power Plant,,,Chhattisgarh,22.1279449,83.5359192,540,,4,0,2,https://www.gem.wiki/Dongamahua_Captive_Power_Plant
India,L100000102624,Dopaha Thermal Power Plant,,,Uttar Pradesh,23.973705,83.106079,,,0,0,3,https://www.gem.wiki/Dopaha_Thermal_Power_Plant
India,L100000102038,Dr. Narla Tata Rao Thermal power station,,Vijayawada Thermal Power Station,Andhra Pradesh,16.5984901,80.5365853,2560,,8,0,0,https://www.gem.wiki/Dr._Narla_Tata_Rao_Thermal_power_station
India,L100000102039,Dr. RKP Power Ankulapatur power station,,,Andhra Pradesh,14.130902,79.864683,,,0,0,1,https://www.gem.wiki/Dr._RKP_Power_Ankulapatur_power_station
India,L100000102143,Dr. Shyama Prasad Mukherjee Thermal Power Station,,DSPM TPS,Chhattisgarh,22.368196,82.721986,500,,2,0,0,https://www.gem.wiki/Dr._Shyama_Prasad_Mukherjee_Thermal_Power_Station
India,L100000102459,Duburi Steel power station,,,Odisha,20.960233,86.050308,250,,2,0,0,https://www.gem.wiki/Duburi_Steel_power_station
India,L100000102258,Dumka power station (CESC),,,Jharkhand,24.263371,87.246407,,,0,0,3,https://www.gem.wiki/Dumka_power_station_(CESC)
India,L100000102259,Dumka power station (Gagan),,,Jharkhand,24.2667,87.25,,,0,0,2,https://www.gem.wiki/Dumka_power_station_(Gagan)
India,L100000102260,Dumka power station (Jindal),,,Jharkhand,24.263371,87.246407,,,0,0,1,https://www.gem.wiki/Dumka_power_station_(Jindal)
India,L100000102668,Durgapur DVC power station,,Durgapur Thermal Power Station (DTPS),West Bengal,23.531506,87.249856,,350,0,2,1,https://www.gem.wiki/Durgapur_DVC_power_station
India,L100000102460,Durgapur Jindal Synfuels captive power plant,,,Odisha,23.540541,74.442253,,,0,0,1,https://www.gem.wiki/Durgapur_Jindal_Synfuels_captive_power_plant
India,L100000102669,Durgapur Projects Limited power station,,"DPL TPS, D.P.L. TPS",West Bengal,23.521147,87.302309,550,390,2,6,1,https://www.gem.wiki/Durgapur_Projects_Limited_power_station
India,L100000102671,Durgapur SAIL power station,,,West Bengal,23.551805,87.248475,120,,2,0,0,https://www.gem.wiki/Durgapur_SAIL_power_station
India,L100000102672,Durgapur Steel City Andal power station,,,West Bengal,23.58,87.2043,1000,,2,0,0,https://www.gem.wiki/Durgapur_Steel_City_Andal_power_station
India,L100000102040,East Godavari Mill power station,,,Andhra Pradesh,17.029896,81.772481,34,,1,0,0,https://www.gem.wiki/East_Godavari_Mill_power_station
India,L100000102296,Edlapura power station,,,Karnataka,16.353719,77.34265,,,0,0,1,https://www.gem.wiki/Edlapura_power_station
India,L100000102399,Ellora Paper Mills Gondia power station,,,Maharashtra,21.461389,80.191389,,,0,0,4,https://www.gem.wiki/Ellora_Paper_Mills_Gondia_power_station
India,L100000102545,Ennore SEZ Super Critical Thermal Power Project (Vayalur),,,Tamil Nadu,13.291667,80.309722,,,0,0,2,https://www.gem.wiki/Ennore_SEZ_Super_Critical_Thermal_Power_Project_(Vayalur)
India,L100000102546,Ennore Thermal Power Station,,,Tamil Nadu,13.2016,80.3112,,450,0,5,2,https://www.gem.wiki/Ennore_Thermal_Power_Station
India,L100000102098,Era Infra Engineering Pirpainti power station,,,Bihar,25.323652,87.428188,,,0,0,1,https://www.gem.wiki/Era_Infra_Engineering_Pirpainti_power_station
India,L100000102625,Etah Ultra Mega Power Project,,,Uttar Pradesh,27.5,78.75,,,0,0,1,https://www.gem.wiki/Etah_Ultra_Mega_Power_Project
India,L100000102673,Farakka power station,,,West Bengal,24.772729,87.893707,2100,,6,0,0,https://www.gem.wiki/Farakka_power_station
India,L100000102236,Faridabad power station,,,Haryana,28.374443,77.305482,,165,0,3,0,https://www.gem.wiki/Faridabad_power_station
India,L100000102626,Feroze Gandhi Unchahar Power Station,,Unchahar plant,Uttar Pradesh,25.9137597,81.3272384,1550,,6,0,0,https://www.gem.wiki/Feroze_Gandhi_Unchahar_Power_Station
India,L100000104976,GACL-NALCO Dahej Caustic captive power station,,,Gujarat,21.710191,72.690406,130,,2,0,0,https://www.gem.wiki/GACL-NALCO_Dahej_Caustic_captive_power_station
India,L100000102400,GMR Warora Energy power station,,,Maharashtra,20.279656,78.975351,600,,2,0,0,https://www.gem.wiki/GMR_Warora_Energy_power_station
India,L100000102509,GNDTP Bathinda power station,,Guru Nanak Dev power station,Punjab,30.233889,74.924408,,460,0,4,0,https://www.gem.wiki/GNDTP_Bathinda_power_station
India,L100000102332,Gadarwara Super Thermal Power Project,,Narsinghpur power station,Madhya Pradesh,22.861752,78.866129,1600,,2,0,2,https://www.gem.wiki/Gadarwara_Super_Thermal_Power_Project
India,L100000102331,Gadarwara power station (BLA),,Niwari,Madhya Pradesh,22.958166,78.732893,90,,2,0,2,https://www.gem.wiki/Gadarwara_power_station_(BLA)
India,L100000102401,Gadchiroli power station,,,Maharashtra,20.186111,80.005278,,,0,0,3,https://www.gem.wiki/Gadchiroli_power_station
India,L100000102461,Gajamara Ultra Mega Power Project,,,Odisha,20.833,84.333,,,0,0,1,https://www.gem.wiki/Gajamara_Ultra_Mega_Power_Project
India,L100000102462,Gajmara Super Thermal Power Station,,,Odisha,20.65616,85.604263,,,0,0,2,https://www.gem.wiki/Gajmara_Super_Thermal_Power_Station
India,L100000102207,Gandhinagar Thermal Power Station,,,Gujarat,23.249722,72.673889,610,240,3,2,1,https://www.gem.wiki/Gandhinagar_Thermal_Power_Station
India,L100000102593,Ganeshpahad Cement power station,,,Telangana,16.719583,79.69445,77,,2,0,0,https://www.gem.wiki/Ganeshpahad_Cement_power_station
India,L100000104900,Ganga captive power station,,,Jharkhand,24.2386,87.475582,,,0,0,1,https://www.gem.wiki/Ganga_captive_power_station
India,L100000102463,Ganjam power station,,,Odisha,19.384291,85.056358,,,0,0,2,https://www.gem.wiki/Ganjam_power_station
India,L100000102333,Garadiatola power station,,,Madhya Pradesh,23.525881,80.840683,,,0,0,2,https://www.gem.wiki/Garadiatola_power_station
India,L100000102144,Gare Pelma power station,,,Chhattisgarh,22.1525,83.352778,,,0,0,4,https://www.gem.wiki/Gare_Pelma_power_station
India,L100000102439,Garo Hills power station,,,Meghalaya,25.49546,90.61682,,,0,0,1,https://www.gem.wiki/Garo_Hills_power_station
India,L100000102627,Gayatree power station,,,Uttar Pradesh,27.63,78.67,,,0,0,2,https://www.gem.wiki/Gayatree_power_station
India,L100000102628,Ghatampur power station,,,Uttar Pradesh,25.975,80.1889,1320,,2,0,1,https://www.gem.wiki/Ghatampur_power_station
India,L100000102297,Ghataprabha power station,,,Karnataka,16.23,74.6,,,0,0,2,https://www.gem.wiki/Ghataprabha_power_station
India,L100000102464,Ghogarpalli Ultra Mega Power Project,,,Odisha,20.083,83.2,,,0,0,1,https://www.gem.wiki/Ghogarpalli_Ultra_Mega_Power_Project
India,L100000102402,Ghugus power station,,Chandrapur Gupta power station,Maharashtra,19.92949,79.133159,120,,2,0,1,https://www.gem.wiki/Ghugus_power_station
India,L100000102334,Ghuman power station (Prosperous Energy),,,Madhya Pradesh,24.963897,81.490368,,,0,0,2,https://www.gem.wiki/Ghuman_power_station_(Prosperous_Energy)
India,L100000102335,Ghuman/Tilaun power station (Reliable Thermal),,,Madhya Pradesh,24.963897,81.490368,,,0,0,2,https://www.gem.wiki/Ghuman/Tilaun_power_station_(Reliable_Thermal)
India,L100000102508,Gidderbaha power station,,,Punjab,30.0208,76.1025,,,0,0,1,https://www.gem.wiki/Gidderbaha_power_station
India,L100000102525,Giral power station,,,Rajasthan,26.045717,71.254096,250,,2,0,0,https://www.gem.wiki/Giral_power_station
India,L100000102403,Girye Ultra Mega Power Project,,,Maharashtra,16.527161,73.326656,,,0,0,1,https://www.gem.wiki/Girye_Ultra_Mega_Power_Project
India,L100000102510,Gobindpura power station,,,Punjab,30.719984,76.083426,,,0,0,5,https://www.gem.wiki/Gobindpura_power_station
India,L100000102262,Godda Project,,,Jharkhand,24.82786,87.213676,,,0,0,2,https://www.gem.wiki/Godda_Project
India,L100000102145,Godhna power station,,,Chhattisgarh,21.826445,82.604828,,,0,0,3,https://www.gem.wiki/Godhna_power_station
India,L100000102511,Goindwal Sahib Thermal Power Plant,,,Punjab,31.38414,75.146503,540,,2,0,2,https://www.gem.wiki/Goindwal_Sahib_Thermal_Power_Plant
India,L100000102263,Gola power station,,,Jharkhand,23.48362,85.657485,63,,1,0,1,https://www.gem.wiki/Gola_power_station
India,L100000102629,Gonda power station,,,Uttar Pradesh,27.03,82.23,,,0,0,2,https://www.gem.wiki/Gonda_power_station
India,L100000102041,Gopuvanipalam Mega Thermal Power Project,,,Andhra Pradesh,16.18438,81.134933,,,0,0,1,https://www.gem.wiki/Gopuvanipalam_Mega_Thermal_Power_Project
India,L100000102336,Gorgi power station,,,Madhya Pradesh,24.116667,81.933333,,,0,0,2,https://www.gem.wiki/Gorgi_power_station
India,L100000102146,Gorra Thermal Power Plant,,,Chhattisgarh,21.89304,83.393583,,,0,0,1,https://www.gem.wiki/Gorra_Thermal_Power_Plant
India,L100000102298,Gowdasandra power station,,,Karnataka,13.43,77.72,,,0,0,2,https://www.gem.wiki/Gowdasandra_power_station
India,L100000102042,Gudur Thermal Power Project (Momidi),,,Andhra Pradesh,14.130902,79.864683,,,0,0,1,https://www.gem.wiki/Gudur_Thermal_Power_Project_(Momidi)
India,L100000102209,Gujarat Power Project,,,Gujarat,21.573757,73.168617,,,0,0,1,https://www.gem.wiki/Gujarat_Power_Project
India,L100000102299,Gulbarga power station,,,Karnataka,17.0854,76.79,,,0,0,2,https://www.gem.wiki/Gulbarga_power_station
India,L100000102547,Gummidipoondi Accord power station,,,Tamil Nadu,13.420278,80.073333,,,0,0,2,https://www.gem.wiki/Gummidipoondi_Accord_power_station
India,L100000102548,Gummidipoondi Kamachi power station,,,Tamil Nadu,13.424018,80.087457,70,,2,0,0,https://www.gem.wiki/Gummidipoondi_Kamachi_power_station
India,L100000102549,Gummidipoondi Suryadev power station,,,Tamil Nadu,13.384779,80.107416,160,,2,0,0,https://www.gem.wiki/Gummidipoondi_Suryadev_power_station
India,L100000102043,Gunipudi power station (NBPL proposal),,,Andhra Pradesh,17.300117,82.614386,,,0,0,1,https://www.gem.wiki/Gunipudi_power_station_(NBPL_proposal)
India,L100000102044,Gunipudi power station (STEAPL proposal),,,Andhra Pradesh,17.300117,82.624386,,,0,0,2,https://www.gem.wiki/Gunipudi_power_station_(STEAPL_proposal)
India,L100001020387,Gurha Thermal Power Station,,,Rajasthan,27.443704,72.45679,,,0,0,1,https://www.gem.wiki/Gurha_Thermal_Power_Station
India,L100000102512,Guru Hargobind Lehra Mohabbat Power Station,,Guru Hargobind power station,Punjab,30.266555,75.166097,920,,4,0,1,https://www.gem.wiki/Guru_Hargobind_Lehra_Mohabbat_Power_Station
India,L100000102599,HWP Manuguru power station,,"HWP(M) power station, Heavy Water Plant power station",Telangana,17.87832,80.848644,90,,3,0,0,https://www.gem.wiki/HWP_Manuguru_power_station
India,L100000102674,Haldia Energy power station,,,West Bengal,22.060459,88.109748,600,,2,0,1,https://www.gem.wiki/Haldia_Energy_power_station
India,L100000102147,Hamirpur power station,,,Chhattisgarh,22.393333,83.521944,,,0,0,2,https://www.gem.wiki/Hamirpur_power_station
India,L100000102300,Hanakon Thermal Power Project,,,Karnataka,14.917915,74.174538,,,0,0,1,https://www.gem.wiki/Hanakon_Thermal_Power_Project
India,L100000102630,Harduaganj power station,,,Uttar Pradesh,28.0175,78.13,1270,230,4,4,0,https://www.gem.wiki/Harduaganj_power_station
India,L100000102404,Hari Hareshwar power station (Veshvi and Bankot),,,Maharashtra,17.979579,73.051596,,,0,0,2,https://www.gem.wiki/Hari_Hareshwar_power_station_(Veshvi_and_Bankot)
India,L100000102148,Hasdeo Thermal Power Station,,"Rajiv Gandhi power station (Stage II Unit 4, Stage III Unit 5), Korba West Hasdeo power station, HTPS",Chhattisgarh,22.412536,82.682187,1340,,5,0,2,https://www.gem.wiki/Hasdeo_Thermal_Power_Station
India,L100000102301,Hassan power station,,,Karnataka,12.9833,76.133,,,0,0,2,https://www.gem.wiki/Hassan_power_station
India,L100000102149,Hathneora Captive Power Plant,,,Chhattisgarh,22.003538,82.6689,162.5,,1,0,4,https://www.gem.wiki/Hathneora_Captive_Power_Plant
India,L100000102210,Hazira power station (Essar),,,Gujarat,21.119078,72.640545,270,,2,0,0,https://www.gem.wiki/Hazira_power_station_(Essar)
India,L100000104861,Hazira power station (Reliance),,,Gujarat,21.1592,72.687127,360,,4,0,0,https://www.gem.wiki/Hazira_power_station_(Reliance)
India,L100000102465,Hemgir power station,,,Odisha,22.116,84.016,,,0,0,2,https://www.gem.wiki/Hemgir_power_station
India,L100000104432,Heoti power station,,,Maharashtra,20.85564,79.322502,,,0,0,1,https://www.gem.wiki/Heoti_power_station
India,L100000102594,Hindupur power station,,,Telangana,13.830371,77.490084,,,0,0,1,https://www.gem.wiki/Hindupur_power_station
India,L100000102466,Hirakud Smelter power station,,,Odisha,21.529687,83.904569,367.5,,4,0,0,https://www.gem.wiki/Hirakud_Smelter_power_station
India,L100000104433,Hiranmaye Haldia power station,,Haldia Kasbere,West Bengal,22.07702746,88.09822681,300,,2,0,1,https://www.gem.wiki/Hiranmaye_Haldia_power_station
India,L100000102150,IFFCO-CSPGCL Thermal Power Project,,,Chhattisgarh,22.920278,82.776944,,,0,0,2,https://www.gem.wiki/IFFCO-CSPGCL_Thermal_Power_Project
India,L100000102467,Ib Valley Thermal Power Station,,IB Thermal Power Station,Odisha,21.690729,83.860096,1740,,4,0,2,https://www.gem.wiki/Ib_Valley_Thermal_Power_Station
India,L100000102264,Ichagarh power station,,,Jharkhand,23.018671,85.94376,,,0,0,3,https://www.gem.wiki/Ichagarh_power_station
India,L100000102237,Indira Gandhi Super Thermal Power Project,,Aravali Thermal Power Project,Haryana,28.485091,76.37316,1500,,3,0,2,https://www.gem.wiki/Indira_Gandhi_Super_Thermal_Power_Project
India,L100000102099,Indragacchi power station,,,Bihar,26.500702,84.684087,,,0,0,2,https://www.gem.wiki/Indragacchi_power_station
India,L100000104751,Indraprastha power station,,,Delhi,28.6247,77.2505,,284.1,0,5,0,https://www.gem.wiki/Indraprastha_power_station
India,L100000102473,JR Power Project,,,Odisha,18.852709,83.876458,,,0,0,3,https://www.gem.wiki/JR_Power_Project
India,L100000102526,JSW Barmer Jalipa Kapurdi power station,,,Rajasthan,25.895391,71.329871,1080,,8,0,5,https://www.gem.wiki/JSW_Barmer_Jalipa_Kapurdi_power_station
India,L100000102172,JSW Ispat Raigarh power station,,Monnet Raigarh power station,Chhattisgarh,21.987781,83.231306,151,,1,0,1,https://www.gem.wiki/JSW_Ispat_Raigarh_power_station
India,L100000102405,JSW Tarapur power station,,,Maharashtra,19.794507,72.740525,30,,1,0,0,https://www.gem.wiki/JSW_Tarapur_power_station
India,L100000104954,JSW Utkal Steel power station,,,Odisha,20.225479,86.562654,,,0,0,3,https://www.gem.wiki/JSW_Utkal_Steel_power_station
India,L100000102303,JSW Vijayanagar Toranagallu power station,,Toranagallu (JSW Vijayanagar) power station,Karnataka,15.186771,76.6621387,860,,4,0,1,https://www.gem.wiki/JSW_Vijayanagar_Toranagallu_power_station
India,L100000102211,Jafrabad power station,,,Gujarat,20.8667,71.3667,,,0,0,2,https://www.gem.wiki/Jafrabad_power_station
India,L100000102151,Jagdalpur Steel captive power station,,,Chhattisgarh,19.093632,82.169194,,,0,0,1,https://www.gem.wiki/Jagdalpur_Steel_captive_power_station
India,L100000102631,Jagdishpur captive power station,,,Uttar Pradesh,26.75,80.533,,,0,0,2,https://www.gem.wiki/Jagdishpur_captive_power_station
India,L100000102100,Jagdishpur power station,,,Bihar,25.462469,84.416183,,,0,0,2,https://www.gem.wiki/Jagdishpur_power_station
India,L100000102265,Jamshedpur Works power station,,,Jharkhand,22.787368,86.200088,90,,3,0,0,https://www.gem.wiki/Jamshedpur_Works_power_station
India,L100000102468,Jamuchakada power station,,,Odisha,20.695833,85.438597,,,0,0,2,https://www.gem.wiki/Jamuchakada_power_station
India,L100000102469,Jamunda power station,,,Odisha,20.705855,85.079766,,,0,0,2,https://www.gem.wiki/Jamunda_power_station
India,L100001048073,Jaunpur captive power station,,,Uttar Pradesh,25.651055,82.228647,,40,0,1,0,https://www.gem.wiki/Jaunpur_captive_power_station
India,L100000102337,Jawa power station,,,Madhya Pradesh,24.963897,81.490368,,,0,0,2,https://www.gem.wiki/Jawa_power_station
India,L100000102632,Jawaharpur Thermal Project,,,Uttar Pradesh,27.497098,78.826071,1320,,2,0,0,https://www.gem.wiki/Jawaharpur_Thermal_Project
India,L100000102551,Jaya power station,,,Tamil Nadu,8.803,78.1445,,,0,0,3,https://www.gem.wiki/Jaya_power_station
India,L100000102552,Jayamkondam power station,,,Tamil Nadu,11.2167,79.3667,,,0,0,1,https://www.gem.wiki/Jayamkondam_power_station
India,L100000102338,Jaypee Nigrie Super Thermal Power Project,,,Madhya Pradesh,24.14997,81.904525,1320,,2,0,0,https://www.gem.wiki/Jaypee_Nigrie_Super_Thermal_Power_Project
India,L100000102302,Jewargi power station,,,Karnataka,17.012141,76.7752,,,0,0,2,https://www.gem.wiki/Jewargi_power_station
India,L100000102339,Jhabua (Chetak) power station,,,Madhya Pradesh,22.769455,74.592483,,,0,0,1,https://www.gem.wiki/Jhabua_(Chetak)_power_station
India,L100000102470,Jharsuguda CPP power station,,,Odisha,21.787993,84.054361,1215,,9,0,0,https://www.gem.wiki/Jharsuguda_CPP_power_station
India,L100000102471,Jharsuguda Ind-Barath power station,,"Utkal TPP (Odisha), Sahajbahal",Odisha,21.657942,83.919513,700,,2,0,1,https://www.gem.wiki/Jharsuguda_Ind-Barath_power_station
India,L100000102472,Jharsuguda Sterlite power station,,"Sterlite TPP, STERLITE TPP U-1 (Unit 1), STERLITE TPP (Unit 2, Unit 3, Unit 4)",Odisha,21.815743,84.042036,2400,,4,0,0,https://www.gem.wiki/Jharsuguda_Sterlite_power_station
India,L100000102045,Jharupudi power station,,,Andhra Pradesh,18.3,83.9,,,0,0,1,https://www.gem.wiki/Jharupudi_power_station
India,L100000102267,Jindal Patratu captive power station,,,Jharkhand,23.691349,85.272247,,,0,0,2,https://www.gem.wiki/Jindal_Patratu_captive_power_station
India,L100001000104,Jojobera Cement Plant power station,,Nuvoco Vistas Cement Plant power station,Jharkhand,22.7531,86.2452,30,,1,0,0,https://www.gem.wiki/Jojobera_Cement_Plant_power_station
India,L100000102268,Jojobera Power Plant,,,Jharkhand,22.7554,86.2491,547.5,,5,0,0,https://www.gem.wiki/Jojobera_Power_Plant
India,L100000102159,KSK Mahanadi Power Project,,"Akaltara Ultra Mega Power Project, Akaltara TPP",Chhattisgarh,21.960296,82.409064,1800,,3,0,3,https://www.gem.wiki/KSK_Mahanadi_Power_Project
India,L100000102160,KSK Narmada Power Project,,,Chhattisgarh,22.749905,82.572849,,,0,0,1,https://www.gem.wiki/KSK_Narmada_Power_Project
India,L100000102273,KVK Jharkhand project,,,Jharkhand,22.935627,85.09262,,,0,0,1,https://www.gem.wiki/KVK_Jharkhand_project
India,L100000102553,Kadaladi power station,,,Tamil Nadu,9.227392,78.472595,,,0,0,5,https://www.gem.wiki/Kadaladi_power_station
India,L100000102304,Kadechur power station,,,Karnataka,16.51853,77.328408,,,0,0,2,https://www.gem.wiki/Kadechur_power_station
India,L100000102554,Kagithapuram Mill power station,,,Tamil Nadu,11.052854,77.995806,40,,1,0,0,https://www.gem.wiki/Kagithapuram_Mill_power_station
India,L100000102104,Kahalgaon Super Thermal Power Plant,,,Bihar,25.236903,87.265595,2340,,7,0,0,https://www.gem.wiki/Kahalgaon_Super_Thermal_Power_Plant
India,L100000102101,Kahalgaon power station (Cement Manufacturing Co.),,,Bihar,25.26354,87.234444,,,0,0,1,https://www.gem.wiki/Kahalgaon_power_station_(Cement_Manufacturing_Co.)
India,L100000102102,Kahalgaon power station (East-West Power),,,Bihar,25.26354,87.234444,,,0,0,1,https://www.gem.wiki/Kahalgaon_power_station_(East-West_Power)
India,L100000102103,Kahalgaon power station (Sarvottam),,,Bihar,25.26354,87.234444,,,0,0,1,https://www.gem.wiki/Kahalgaon_power_station_(Sarvottam)
India,L100000102212,Kaj/Nanavada power station,,,Gujarat,20.75,70.8167,,,0,0,2,https://www.gem.wiki/Kaj/Nanavada_power_station
India,L100001000079,Kajurda power station,,,Gujarat,22.309056,69.707062,,,0,0,2,https://www.gem.wiki/Kajurda_power_station
India,L100000102595,Kakatiya Thermal Power Project,,,Telangana,18.3831934,79.8271644,1100,,2,0,0,https://www.gem.wiki/Kakatiya_Thermal_Power_Project
India,L100000102474,Kalinganagar Maithan power station,,,Odisha,20.922672,86.042365,30,,1,0,0,https://www.gem.wiki/Kalinganagar_Maithan_power_station
India,L100000102527,Kalisindh Thermal Power Station,,,Rajasthan,24.5325129,76.100353,1200,,2,0,4,https://www.gem.wiki/Kalisindh_Thermal_Power_Station
India,L100000102475,Kamakhyanagar power station,,,Odisha,20.837,85.520555,,,0,0,3,https://www.gem.wiki/Kamakhyanagar_power_station
India,L100000102476,Kamalanga power station,,,Odisha,20.870576,85.266979,1050,,3,0,1,https://www.gem.wiki/Kamalanga_power_station
India,L100000102270,Kamdara power station,,,Jharkhand,22.919791,84.951289,,,0,0,2,https://www.gem.wiki/Kamdara_power_station
India,L100000102269,Kamdara power station (Jindal),,,Jharkhand,22.919791,84.951289,,,0,0,4,https://www.gem.wiki/Kamdara_power_station_(Jindal)
India,L100000102507,Karaikal Port power station,,,Puducherry,10.906007,79.848676,,,0,0,3,https://www.gem.wiki/Karaikal_Port_power_station
India,L100000102555,Karapidagai North power station,,,Tamil Nadu,10.590833,79.800278,,,0,0,1,https://www.gem.wiki/Karapidagai_North_power_station
India,L100000102633,Karchana Thermal Power Project,,,Uttar Pradesh,25.190556,82.019722,,,0,0,2,https://www.gem.wiki/Karchana_Thermal_Power_Project
India,L100000102634,Karchana Ultra Mega Power Project,,,Uttar Pradesh,25.28,81.93,,,0,0,1,https://www.gem.wiki/Karchana_Ultra_Mega_Power_Project
India,L100000102305,Karnataka Gupta power station,,,Karnataka,14.75,75.66,,,0,0,1,https://www.gem.wiki/Karnataka_Gupta_power_station
India,L100000102152,Kasaipalli power station,,,Chhattisgarh,22.38895,82.5549,270,,2,0,0,https://www.gem.wiki/Kasaipalli_power_station
India,L100000102316,Kasargod power station,,,Kerala,12.242538,75.233321,,,0,0,2,https://www.gem.wiki/Kasargod_power_station
India,L100000102153,Katghora power station,,,Chhattisgarh,22.489779,82.60618,35,,1,0,0,https://www.gem.wiki/Katghora_power_station
India,L100000102342,Katni power station,,,Madhya Pradesh,23.834659,80.395517,,,0,0,4,https://www.gem.wiki/Katni_power_station
India,L100000102556,Kattupalli power station,,,Tamil Nadu,13.258618,80.340732,,,0,0,2,https://www.gem.wiki/Kattupalli_power_station
India,L100000102676,Katwa Super Thermal Power Project (NTPC),,,West Bengal,23.65,88.13,,,0,0,2,https://www.gem.wiki/Katwa_Super_Thermal_Power_Project_(NTPC)
India,L100000102528,Kawai Thermal Power Project,,,Rajasthan,24.777997,76.737144,1320,,2,0,6,https://www.gem.wiki/Kawai_Thermal_Power_Project
India,L100000102635,Khamberkhera IPP power station,,,Uttar Pradesh,28.01698726,80.83063677,90,,2,0,0,https://www.gem.wiki/Khamberkhera_IPP_power_station
India,L100000102154,Khamhar power station,,,Chhattisgarh,21.92771,83.339957,,,0,0,1,https://www.gem.wiki/Khamhar_power_station
India,L100000102343,Khandwa power station (Dwarkesh Energy),,,Madhya Pradesh,22.008889,76.766667,,,0,0,2,https://www.gem.wiki/Khandwa_power_station_(Dwarkesh_Energy)
India,L100000102344,Khandwa power station (Era Infra),,,Madhya Pradesh,21.999656,76.18417,,,0,0,2,https://www.gem.wiki/Khandwa_power_station_(Era_Infra)
India,L100000102406,Khaperkheda power station,,Khaperkheda-3 power station Unit 1 (Unit 5 (Khaperkheda-3 Unit 1)),Maharashtra,21.2818,79.116,1340,,5,0,0,https://www.gem.wiki/Khaperkheda_power_station
India,L100000102477,Kharagprasad power station,,,Odisha,20.809441,85.288621,94,,2,0,0,https://www.gem.wiki/Kharagprasad_power_station
India,L100000102345,Khargone power station,,,Madhya Pradesh,22.065169,75.851943,1320,,2,0,0,https://www.gem.wiki/Khargone_power_station
India,L100000102407,Khopoli Works power station,,,Maharashtra,18.77077477,73.25936243,60,,2,0,0,https://www.gem.wiki/Khopoli_Works_power_station
India,L100000102636,Khurja power station,,Khurja Super Thermal Power Project,Uttar Pradesh,28.158333,77.908333,1320,,2,0,1,https://www.gem.wiki/Khurja_power_station
India,L100000102408,Khursapar power station,,,Maharashtra,20.85564,79.322502,,,0,0,1,https://www.gem.wiki/Khursapar_power_station
India,L100000102409,Khutafali (Kolura) power station,,,Maharashtra,20.489921,77.868171,,,0,0,1,https://www.gem.wiki/Khutafali_(Kolura)_power_station
India,L100000102410,Kinebodi power station,,,Maharashtra,19.851041,79.206448,,,0,0,1,https://www.gem.wiki/Kinebodi_power_station
India,L100000102047,Kineta Power thermal station,,,Andhra Pradesh,14.166667,80.083333,,,0,0,3,https://www.gem.wiki/Kineta_Power_thermal_station
India,L100000102478,Kishore Nagar Coal-to-Liquids Project,,,Odisha,20.833,85.1,,,0,0,1,https://www.gem.wiki/Kishore_Nagar_Coal-to-Liquids_Project
India,L100000102106,Kiul Thermal Power Project,,,Bihar,25.146576,86.096278,,,0,0,1,https://www.gem.wiki/Kiul_Thermal_Power_Project
India,L100000102107,Kochar power station,,,Bihar,24.74839,84.376663,,,0,0,1,https://www.gem.wiki/Kochar_power_station
India,L100000102272,Koderma Thermal Power Station,,KTPS,Jharkhand,24.391534,85.561899,1000,,2,0,2,https://www.gem.wiki/Koderma_Thermal_Power_Station
India,L100000102677,Kolaghat Thermal Power Station,,,West Bengal,22.416565,87.870984,840,420,4,2,0,https://www.gem.wiki/Kolaghat_Thermal_Power_Station
India,L100000102048,Komarada power station,,,Andhra Pradesh,18.89626,83.468899,,,0,0,4,https://www.gem.wiki/Komarada_power_station
India,L100000102411,Koradi Thermal Power Station,,,Maharashtra,21.2420685,79.0949659,2190,830,4,6,2,https://www.gem.wiki/Koradi_Thermal_Power_Station
India,L100000102155,Korba Essar power station,,,Chhattisgarh,22.35,82.683,,,0,0,1,https://www.gem.wiki/Korba_Essar_power_station
India,L100000102162,Korba Power Thermal Power Plant (Adani),,Lanco Amarkantak Thermal Power Project,Chhattisgarh,22.2454,82.7246,600,,2,0,4,https://www.gem.wiki/Lanco_Amarkantak_Thermal_Power_Project
India,L100000102156,Korba South Thermal Power Project,,,Chhattisgarh,22.367321,82.760328,,,0,0,2,https://www.gem.wiki/Korba_South_Thermal_Power_Project
India,L100000102157,Korba Super Thermal Power Station (NTPC),,Korba III power station (Unit 7) (Unit 7 (Korba III)),Chhattisgarh,22.3874221,82.6818961,2600,,7,0,0,https://www.gem.wiki/Korba_Super_Thermal_Power_Station_(NTPC)
India,L100000102158,Korba Thermal power station,,Korba East power station,Chhattisgarh,22.383369,82.719496,,440,0,6,0,https://www.gem.wiki/Korba_Thermal_power_station
India,L100000102529,Kota Complex power station,,,Rajasthan,25.128632,75.883521,125,,2,0,0,https://www.gem.wiki/Kota_Complex_power_station
India,L100000102530,Kota power station,,,Rajasthan,25.171014,75.816976,1240,,7,0,0,https://www.gem.wiki/Kota_power_station
India,L100000102597,Kotapally power station (SKIL Group),,,Telangana,18.9286,79.8176,,,0,0,1,https://www.gem.wiki/Kotapally_power_station_(SKIL_Group)
India,L100000102598,Kothagudem Thermal Power Station,,,Telangana,17.6219,80.69355,1800,720,4,8,0,https://www.gem.wiki/Kothagudem_Thermal_Power_Station
India,L100000102049,Krishnapatnam Navayuga thermal station,,,Andhra Pradesh,14.194444,80.091667,,,0,0,3,https://www.gem.wiki/Krishnapatnam_Navayuga_thermal_station
India,L100000102050,Krishnapatnam Ultra Mega Power Project,,,Andhra Pradesh,14.252061,80.120748,,,0,0,1,https://www.gem.wiki/Krishnapatnam_Ultra_Mega_Power_Project
India,L100000102306,Kudgi Super Thermal Power Project,,,Karnataka,16.499546,75.834632,2400,,3,0,2,https://www.gem.wiki/Kudgi_Super_Thermal_Power_Project
India,L100000102161,Kukurda power station,,,Chhattisgarh,21.8475,83.54,,,0,0,2,https://www.gem.wiki/Kukurda_power_station
India,L100000102637,Kundarki Ipp power station,,,Uttar Pradesh,27.07887324,82.0836037,90,,2,0,0,https://www.gem.wiki/Kundarki_Ipp_power_station
India,L100000102213,Kutch GSECL power station,,,Gujarat,23.663934,68.784128,150,140,2,2,0,https://www.gem.wiki/Kutch_GSECL_power_station
India,L100000102214,Kutch Welspun power station,,,Gujarat,23.1175,70.0822,123,,2,0,0,https://www.gem.wiki/Kutch_Welspun_power_station
India,L100000102109,Lakhisarai Thermal Power Station,,,Bihar,25.18036,86.25903,,,0,0,2,https://www.gem.wiki/Lakhisarai_Thermal_Power_Station
India,L100000102108,Lakhisarai power station (SPML),,,Bihar,28.8,79,,,0,0,1,https://www.gem.wiki/Lakhisarai_power_station_(SPML)
India,L100000102657,Lal Kuan Mill power station,,,Uttarakhand,29.062378,79.521661,43,,1,0,0,https://www.gem.wiki/Lal_Kuan_Mill_power_station
India,L100000102638,Lalitpur power project,,,Uttar Pradesh,24.795833,78.646944,1980,,3,0,3,https://www.gem.wiki/Lalitpur_power_project
India,L100000102479,Lanjigarh Refinery power station,,,Odisha,19.711863,83.397785,90,,3,0,0,https://www.gem.wiki/Lanjigarh_Refinery_power_station
India,L100000102164,Lara Integrated Thermal Power Project,,"Lara STPP, NTPC Lara",Chhattisgarh,21.757661,83.457545,1600,,2,0,5,https://www.gem.wiki/Lara_Integrated_Thermal_Power_Project
India,L100000102678,Larsen & Tubro power station,,,West Bengal,22.986757,87.854975,,,0,0,1,https://www.gem.wiki/Larsen_&_Tubro_power_station
India,L100000102274,Latehar power station,,,Jharkhand,23.73,84.47,,,0,0,2,https://www.gem.wiki/Latehar_power_station
India,L100000102412,Latur power station,,,Maharashtra,18.4,76.58,,,0,0,1,https://www.gem.wiki/Latur_power_station
India,L100000102051,Lovapalem power station,,,Andhra Pradesh,17.466444,82.961361,,,0,0,1,https://www.gem.wiki/Lovapalem_power_station
India,L100000102215,Lunsapur power station,,,Gujarat,20.8667,71.3667,,,0,0,1,https://www.gem.wiki/Lunsapur_power_station
India,L100000102417,MIHAN Power Project,,,Maharashtra,21.0377,78.9334,246,,4,0,0,https://www.gem.wiki/MIHAN_Power_Project
India,L100000104761,MP Adani power station,,,Madhya Pradesh,21.69,79.24,,,0,0,2,https://www.gem.wiki/MP_Adani_power_station
India,L100000102353,MP Amarkantak power station,,Amarkantak Thermal Power Station-Chachai,Madhya Pradesh,23.162146,81.632816,210,270,1,3,1,https://www.gem.wiki/MP_Amarkantak_power_station
India,L100000105026,Maadurga Thermal power station,,,Odisha,20.57622,86.020728,60,,2,0,0,https://www.gem.wiki/Maadurga_Thermal_power_station
India,L100000102413,Madhekar power station,,,Maharashtra,18.655491,72.86792,,,0,0,1,https://www.gem.wiki/Madhekar_power_station
India,L100000102346,Madhya Pradesh Jain Energy power station,,,Madhya Pradesh,23.282508,81.588249,,,0,0,1,https://www.gem.wiki/Madhya_Pradesh_Jain_Energy_power_station
India,L100000102275,Mahadev Prasad Super Thermal Power Plant,,Jamshedpur Kandra,Jharkhand,22.836504,86.061294,540,,2,0,1,https://www.gem.wiki/Mahadev_Prasad_Super_Thermal_Power_Plant
India,L100000102347,Mahan Aluminium power station,,,Madhya Pradesh,24.220902,82.437197,900,,6,0,0,https://www.gem.wiki/Mahan_Aluminium_power_station
India,L100000102348,Mahan Super Thermal Power Project,,"Bandhaura power plant, Bandhaura Ultra Super Critical Thermal Power Plant (USCTPP Unit 1, USCTPP Unit 2)",Madhya Pradesh,24.008674,82.41703,1200,,2,0,5,https://www.gem.wiki/Mahan_Super_Thermal_Power_Project
India,L100000102349,Maharjapur power station,,,Madhya Pradesh,25.093683,79.803314,,,0,0,2,https://www.gem.wiki/Maharjapur_power_station
India,L100000102238,Mahatma Gandhi power station,,Jhajjar power station,Haryana,28.488143,76.352534,1320,,2,0,2,https://www.gem.wiki/Mahatma_Gandhi_power_station
India,L100000102276,Maithon Right Bank Thermal Power Station,,,Jharkhand,23.8209,86.76,1050,,2,0,1,https://www.gem.wiki/Maithon_Right_Bank_Thermal_Power_Station
India,L100000102052,Makavarapalem Smelter power station,,,Andhra Pradesh,17.59395576,82.74376897,90,,2,0,0,https://www.gem.wiki/Makavarapalem_Smelter_power_station
India,L100000102277,Malaxmi Mega Thermal Power Project (Thakurbari),,,Jharkhand,22.640313,86.429787,,,0,0,1,https://www.gem.wiki/Malaxmi_Mega_Thermal_Power_Project_(Thakurbari)
India,L100000102480,Malibrahmani power station,,,Odisha,20.922321,84.99105,,,0,0,3,https://www.gem.wiki/Malibrahmani_power_station
India,L100000102351,Mandsaur power station,,,Madhya Pradesh,24.075305,75.068178,,,0,0,1,https://www.gem.wiki/Mandsaur_power_station
India,L100000102414,Manikgarh Cement power station,,,Maharashtra,19.721222,79.174604,60,,2,0,0,https://www.gem.wiki/Manikgarh_Cement_power_station
India,L100000102639,Maqsoodpur power station,,,Uttar Pradesh,28.24440447,79.99754701,90,,2,0,0,https://www.gem.wiki/Maqsoodpur_power_station
India,L100000102557,Marakkanam Super Thermal Power Project,,,Tamil Nadu,12.19036,79.941856,,,0,0,1,https://www.gem.wiki/Marakkanam_Super_Thermal_Power_Project
India,L100000102087,Margherita power station,,,Assam,27.489464,95.360144,,,0,0,1,https://www.gem.wiki/Margherita_power_station
India,L100000102165,Marwa power station,,,Chhattisgarh,22.070801,82.602189,1000,,2,0,0,https://www.gem.wiki/Marwa_power_station
India,L100001000108,Mattapalli Cement Plant power station,,,Telangana,16.714423,79.817713,,,0,0,1,https://www.gem.wiki/Mattapalli_Cement_Plant_power_station
India,L100000102415,Mauda power station,,Mouda Super Thermal Power Project,Maharashtra,21.18074,79.396541,2320,,4,0,0,https://www.gem.wiki/Mauda_power_station
India,L100000102053,Meenakshi Energy Thermal Power Project,,"Thamminapatnam, Thamminapatnam TPP,  St-II (Units 3 and 4)",Andhra Pradesh,14.211195,80.090062,1000,,4,0,0,https://www.gem.wiki/Meenakshi_Energy_Thermal_Power_Project
India,L100000102054,Meghavaram Kakarapalli power station,,,Andhra Pradesh,17.484945,82.494903,,,0,0,1,https://www.gem.wiki/Meghavaram_Kakarapalli_power_station
India,L100000102110,Meherpur power station,,,Bihar,25.323652,87.428188,,,0,0,1,https://www.gem.wiki/Meherpur_power_station
India,L100000102640,Meja Thermal Power Project,,,Uttar Pradesh,25.145867,81.940096,1320,,2,0,3,https://www.gem.wiki/Meja_Thermal_Power_Project
India,L100000102680,Mejia power station,,,West Bengal,23.4639,87.1311,2340,,8,0,0,https://www.gem.wiki/Mejia_power_station
India,L100000102558,Melamaruthur power station (Vainateya),,,Tamil Nadu,8.9159,78.1374,,,0,0,4,https://www.gem.wiki/Melamaruthur_power_station_(Vainateya)
India,L100001000101,Mellacheruvu Cement power station,,,Telangana,16.809733,79.915132,60,,1,0,0,https://www.gem.wiki/Mellacheruvu_Cement_power_station
India,L100000102559,Melmandai power station,,,Tamil Nadu,9.1,78.316111,,,0,0,2,https://www.gem.wiki/Melmandai_power_station
India,L100000102416,Mendki thermal power project,,,Maharashtra,20.466667,79.8,,,0,0,1,https://www.gem.wiki/Mendki_thermal_power_project
India,L100000102481,Meramandali power station,,Meramandali Steel Plant power station,Odisha,20.8072919,85.2531512,300,,2,0,2,https://www.gem.wiki/Meramandali_power_station
India,L100000102560,Mettur Siscol power station,,,Tamil Nadu,11.814008,77.919073,60,,2,0,0,https://www.gem.wiki/Mettur_Siscol_power_station
India,L100000102561,Mettur Thermal Power Station,,,Tamil Nadu,11.7720201,77.8141046,1440,,5,0,0,https://www.gem.wiki/Mettur_Thermal_Power_Station
India,L100000102655,Mirzapur power station,,,Uttar Pradesh,25.136582,82.562199,,,0,0,2,https://www.gem.wiki/Mirzapur_power_station
India,L100000102352,Mohgaon power station,,,Madhya Pradesh,22.43,80.12,,,0,0,2,https://www.gem.wiki/Mohgaon_power_station
India,L100000102111,Moma power station,,,Bihar,25.17,86.09,,,0,0,1,https://www.gem.wiki/Moma_power_station
India,L100000102166,Moser Baer Captive Power Project,,,Chhattisgarh,21.993352,82.615414,,,0,0,1,https://www.gem.wiki/Moser_Baer_Captive_Power_Project
India,L100000102216,Mota Layja power station,,,Gujarat,22.86,69.39,,,0,0,6,https://www.gem.wiki/Mota_Layja_power_station
India,L100000102514,Mukerian power station,,,Punjab,31.976137,75.739532,,,0,0,2,https://www.gem.wiki/Mukerian_power_station
India,L100000104752,Mulajore power station,,,West Bengal,22.8347,88.3813,,150,0,5,0,https://www.gem.wiki/Mulajore_power_station
India,L100000102307,Mulwad (Bijapur Luxor) power station,,,Karnataka,16.554453,75.729033,,,0,0,2,https://www.gem.wiki/Mulwad_(Bijapur_Luxor)_power_station
India,L100000102217,Mundra Thermal Power Project (Adani),,,Gujarat,22.8235596,69.5511094,4620,,9,0,3,https://www.gem.wiki/Mundra_Thermal_Power_Project_(Adani)
India,L100000102641,Murka power station,,,Uttar Pradesh,25.19967,81.502182,,,0,0,2,https://www.gem.wiki/Murka_power_station
India,L100000102055,Muthukur Mandal power station (Painampuram),,SGPL Power Project; Sembcorp Gayatri Power Complex,Andhra Pradesh,14.351195,80.143086,1320,,2,0,0,https://www.gem.wiki/Muthukur_Mandal_power_station_(Painampuram)
India,L100000102562,Mutiara Coastal Energen Thermal Power Plant,,Melamaruthur Power Station; Tuticorin Power Station,Tamil Nadu,8.912716,78.144965,1200,,2,0,2,https://www.gem.wiki/Mutiara_Coastal_Energen_Thermal_Power_Plant
India,L100000102112,Muzaffarpur power station,,"Kanti Muzaffarpur power station, Kanti power station",Bihar,26.194771,85.303302,390,220,2,2,0,https://www.gem.wiki/Muzaffarpur_power_station
India,L100000102482,NALCO Gajmara power station,,,Odisha,20.65616,85.604263,,,0,0,2,https://www.gem.wiki/NALCO_Gajmara_power_station
India,L100000102340,NTPC Seoni power station,,Jhabua Power Seoni power station,Madhya Pradesh,22.735479,79.912341,600,,1,0,1,https://www.gem.wiki/NTPC_Seoni_power_station
India,L100000105018,NU Vista Limited Cement power station,,,Andhra Pradesh,16.65655,79.80908,,,0,0,1,https://www.gem.wiki/NU_Vista_Limited_Cement_power_station
India,L100000102113,Nabinagar Super Thermal Power Project,,New Nabi Nagar,Bihar,24.776,84.158025,1980,,3,0,3,https://www.gem.wiki/Nabinagar_Super_Thermal_Power_Project
India,L100000102114,Nabinagar Thermal Power Project,,Nabi Nagar TPP,Bihar,24.705081,84.088738,1000,,4,0,0,https://www.gem.wiki/Nabinagar_Thermal_Power_Project
India,L100000102563,Nagai Nagapattinam Power Project,,,Tamil Nadu,10.824085,79.753828,150,,1,0,1,https://www.gem.wiki/Nagai_Nagapattinam_Power_Project
India,L100000102056,Nagarjuna Construction Company Sompeta Thermal Plant,,,Andhra Pradesh,18.9374,84.590157,,,0,0,2,https://www.gem.wiki/Nagarjuna_Construction_Company_Sompeta_Thermal_Plant
India,L100001018066,Naini Coal Mine power station,,,Odisha,21.055833,84.882222,,,0,0,3,https://www.gem.wiki/Naini_Coal_Mine_power_station
India,L100000102088,Naitor power station,,,Assam,26.183333,91.733333,,,0,0,2,https://www.gem.wiki/Naitor_power_station
India,L100000102057,Nakkapalli power station,,,Andhra Pradesh,17.409651,82.714788,,,0,0,2,https://www.gem.wiki/Nakkapalli_power_station
India,L100000102218,Nana Madha power station,,,Gujarat,22.2,69.65,,,0,0,1,https://www.gem.wiki/Nana_Madha_power_station
India,L100000102483,Nandichod power station,,,Odisha,20.833,85.1,,,0,0,1,https://www.gem.wiki/Nandichod_power_station
India,L100000102419,Nardana Vaghode power station,,Shirpur TPP,Maharashtra,21.15103,74.854206,300,,2,0,0,https://www.gem.wiki/Nardana_Vaghode_power_station
India,L100000102420,Nasik MAHAGENCO Thermal Power Station,,"Eklahare power station, Nasik power station",Maharashtra,19.9814589,73.8920556,630,280,3,2,1,https://www.gem.wiki/Nasik_MAHAGENCO_Thermal_Power_Station
India,L100000102421,Nasik RattanIndia Thermal Power Project,,Nasik RattanIndia Thermal Power Project,Maharashtra,19.866659,74.081749,1350,,5,0,5,https://www.gem.wiki/Nasik_RattanIndia_Thermal_Power_Project
India,L100000102642,National Capital Dadri Thermal Power Plant,,NCTPP; NTPC Dadri,Uttar Pradesh,28.603,77.6078,1820,,6,0,1,https://www.gem.wiki/National_Capital_Dadri_Thermal_Power_Plant
India,L100000102484,Navabharat power station,,,Odisha,20.65616,85.604263,,,0,0,2,https://www.gem.wiki/Navabharat_power_station
India,L100000102058,Nayunipalli Ultra Mega Power Project,,,Andhra Pradesh,15.038056,78.8675,,,0,0,1,https://www.gem.wiki/Nayunipalli_Ultra_Mega_Power_Project
India,L100000102564,Neidavasal power station,,,Tamil Nadu,10.767,79.833,,,0,0,2,https://www.gem.wiki/Neidavasal_power_station
India,L100000102059,Nellore power station,,,Andhra Pradesh,14.490572,79.986949,30,,1,0,0,https://www.gem.wiki/Nellore_power_station
India,L100000102485,Neulapoi power station (Dhenkanal),,,Odisha,20.723611,85.692778,,,0,0,2,https://www.gem.wiki/Neulapoi_power_station_(Dhenkanal)
India,L100000102565,New Neyveli Thermal Power Station,,,Tamil Nadu,11.547055,79.44289,1000,,2,0,0,https://www.gem.wiki/New_Neyveli_Thermal_Power_Station
India,L100000102566,Neyveli Thermal Power Station I,,Neyveli-1 power station,Tamil Nadu,11.5925145,79.4738506,420,600,2,9,0,https://www.gem.wiki/Neyveli_Thermal_Power_Station_I
India,L100000102567,Neyveli Thermal Power Station II,,Neyveli-2 power station,Tamil Nadu,11.5575892,79.4415697,1970,,9,0,2,https://www.gem.wiki/Neyveli_Thermal_Power_Station_II
India,L100000102568,Neyveli Zero power station,,,Tamil Nadu,11.5401,79.4159,250,,1,0,1,https://www.gem.wiki/Neyveli_Zero_power_station
India,L100000102308,Niddodi Ultra Mega Power Project,,,Karnataka,13.042756,74.903208,,,0,0,1,https://www.gem.wiki/Niddodi_Ultra_Mega_Power_Project
India,L100000102455,Nilanchal power station,,,Odisha,20.587097,85.742653,,,0,0,6,https://www.gem.wiki/Nilanchal_power_station
India,L100000102531,Nimbri Chandawatan power station,,,Rajasthan,27.2,73.73,,,0,0,1,https://www.gem.wiki/Nimbri_Chandawatan_power_station
India,L100000102569,North Chennai Thermal Power Station,,,Tamil Nadu,13.253013,80.327804,1830,,5,0,1,https://www.gem.wiki/North_Chennai_Thermal_Power_Station
India,L100000102278,North Karanpura power station,,,Jharkhand,23.850772,85.012411,1980,,3,0,0,https://www.gem.wiki/North_Karanpura_power_station
India,L100000102644,Obra Thermal Power Station,,,Uttar Pradesh,24.4445803,82.9803325,2320,532,7,8,2,https://www.gem.wiki/Obra_Thermal_Power_Station
India,L100000102219,Okha power station,,,Gujarat,22.464918,69.0702,,,0,0,4,https://www.gem.wiki/Okha_power_station
India,L100000102060,Ontimavadi power station,,,Andhra Pradesh,16.945181,82.238647,,,0,0,1,https://www.gem.wiki/Ontimavadi_power_station
India,L100000102570,Ottapidaram power station,,,Tamil Nadu,8.8833,78.06111,,,0,0,2,https://www.gem.wiki/Ottapidaram_power_station
India,L100000102220,Paguthan power station,,,Gujarat,21.78,72.979,,,0,0,2,https://www.gem.wiki/Paguthan_power_station
India,L100000102279,Palamau Plant power station,,,Jharkhand,24.22902,83.885832,60,,2,0,0,https://www.gem.wiki/Palamau_Plant_power_station
India,L100000102600,Paloncha power station,,,Telangana,17.5824568,80.6727084,244,,3,0,1,https://www.gem.wiki/Paloncha_power_station
India,L100000102239,Panipat power station,,"Panipat II (Phase II Unit 5, Phase II Unit 6, Phase II Unit 7, Phase II Unit 8), Panipat I (Phase I Unit 1, Phase I Unit 2, Phase I Unit 3, Phase I Unit 4)",Haryana,29.3975059,76.8763161,710,650,3,5,3,https://www.gem.wiki/Panipat_power_station
India,L100000102645,Panki Thermal Power Station,,,Uttar Pradesh,26.4766,80.241,660,210,1,2,0,https://www.gem.wiki/Panki_Thermal_Power_Station
India,L100000102486,Paradip Oswal power station,,,Odisha,20.31222742,86.65954661,110,,2,0,0,https://www.gem.wiki/Paradip_Oswal_power_station
India,L100000102487,Paradip power station,,"Essar Power Orissa power station, Paradip Essar power station",Odisha,20.31221,86.645829,120,,4,0,0,https://www.gem.wiki/Paradip_power_station
India,L100000102422,Paras power station,,,Maharashtra,20.7147,76.7948,500,62.5,2,1,1,https://www.gem.wiki/Paras_power_station
India,L100000102356,Parasi power station,,,Madhya Pradesh,23.133347,81.889353,,,0,0,2,https://www.gem.wiki/Parasi_power_station
India,L100000102423,Parbhani Renuka power station,,,Maharashtra,19.267918,76.435742,30,,1,0,0,https://www.gem.wiki/Parbhani_Renuka_power_station
India,L100000102646,Parichha power station,,,Uttar Pradesh,25.513571,78.757918,920,220,4,2,0,https://www.gem.wiki/Parichha_power_station
India,L100000102424,Parli Thermal Power Station,,,Maharashtra,18.9075857,76.5429497,750,630,3,3,0,https://www.gem.wiki/Parli_Thermal_Power_Station
India,L100000102425,Parsodi power station,,,Maharashtra,20.829333,78.884639,,,0,0,3,https://www.gem.wiki/Parsodi_power_station
India,L100000102280,Patratu Energy power station,,,Jharkhand,23.625,85.273611,,,0,0,2,https://www.gem.wiki/Patratu_Energy_power_station
India,L100000102281,Patratu JSEB power station,,Patratu UMPP,Jharkhand,23.64,85.2931,800,840,1,10,4,https://www.gem.wiki/Patratu_JSEB_power_station
India,L100000102282,Patratu power station (Jinbhuvish Energy),,,Jharkhand,23.634931,85.303314,,,0,0,1,https://www.gem.wiki/Patratu_power_station_(Jinbhuvish_Energy)
India,L100000104378,Pedaveedu power station,,,Telangana,16.760523,79.842755,,,0,0,2,https://www.gem.wiki/Pedaveedu_power_station
India,L100000102061,Peddaganjam power station (Sew),,,Andhra Pradesh,15.7,80.25,,,0,0,2,https://www.gem.wiki/Peddaganjam_power_station_(Sew)
India,L100000102062,Peddaganjam power station (Sravanthi),,,Andhra Pradesh,15.7,80.25,,,0,0,2,https://www.gem.wiki/Peddaganjam_power_station_(Sravanthi)
India,L100000102601,Pegadapalli (Jaipur Mandal) power station,,"Adilabad power station, Singareni power station, Jaipur power station",Telangana,18.827056,79.570284,1200,,2,0,2,https://www.gem.wiki/Pegadapalli_(Jaipur_Mandal)_power_station
India,L100000102357,Pench Thermal Power Project,,,Madhya Pradesh,22.147958,79.134455,,,0,0,2,https://www.gem.wiki/Pench_Thermal_Power_Project
India,L100000102063,Pentakota power station (Namratha Bizili),,,Andhra Pradesh,17.300117,82.614386,,,0,0,1,https://www.gem.wiki/Pentakota_power_station_(Namratha_Bizili)
India,L100000102064,Pentakota power station (Srinivasam Energy),,,Andhra Pradesh,17.300117,82.614386,,,0,0,1,https://www.gem.wiki/Pentakota_power_station_(Srinivasam_Energy)
India,L100000102222,Pipavav Videocon power station,,,Gujarat,21.05,71.43,,,0,0,2,https://www.gem.wiki/Pipavav_Videocon_power_station
India,L100000102221,Pipavav power station,,,Gujarat,21.05,71.43,,,0,0,3,https://www.gem.wiki/Pipavav_power_station
India,L100000102117,Pirpainti Thermal Power Station,,,Bihar,25.324011,87.42764,,,0,0,3,https://www.gem.wiki/Pirpainti_Thermal_Power_Station
India,L100000102115,Pirpainti power station (CESC),,,Bihar,25.323652,87.428188,,,0,0,2,https://www.gem.wiki/Pirpainti_power_station_(CESC)
India,L100000102116,Pirpainti power station (Essar),,,Bihar,25.323652,87.428188,,,0,0,1,https://www.gem.wiki/Pirpainti_power_station_(Essar)
India,L100000102488,Pitamahul power station,,,Odisha,20.848014,83.895004,,,0,0,1,https://www.gem.wiki/Pitamahul_power_station
India,L100000102118,Prabhawati Nagar power station,,,Bihar,24.87608,86.947425,,,0,0,1,https://www.gem.wiki/Prabhawati_Nagar_power_station
India,L100000102065,Pudimadaka Ultra Mega Power Project,,,Andhra Pradesh,17.492713,83.002767,,,0,0,5,https://www.gem.wiki/Pudimadaka_Ultra_Mega_Power_Project
India,L100000102681,Raghunathpur Thermal Power Station,,,West Bengal,23.62191,86.660703,1200,,2,0,2,https://www.gem.wiki/Raghunathpur_Thermal_Power_Station
India,L100000102283,Rahem power station,,,Jharkhand,23.852941,85.031141,,,0,0,1,https://www.gem.wiki/Rahem_power_station
India,L100000102682,Raibandh power station,,,West Bengal,23.333,86.3667,,,0,0,2,https://www.gem.wiki/Raibandh_power_station
India,L100000102309,Raichur Thermal Power Station,,,Karnataka,16.3532,77.3422,1720,,8,0,2,https://www.gem.wiki/Raichur_Thermal_Power_Station
India,L100000102167,Raigarh Ind Power power station,,,Chhattisgarh,21.87181304,83.49733846,65,,1,0,0,https://www.gem.wiki/Raigarh_Ind_Power_power_station
India,L100000102168,Raigarh Jindal power station,,,Chhattisgarh,21.924951,83.345444,240,,3,0,0,https://www.gem.wiki/Raigarh_Jindal_power_station
India,L100000102170,Raigarh Project (Jindal),,,Chhattisgarh,21.898611,83.464722,,,0,0,1,https://www.gem.wiki/Raigarh_Project_(Jindal)
India,L100000102169,Raigarh TRN Power Project,,Nawapara,Chhattisgarh,21.906738,83.128556,600,,2,0,0,https://www.gem.wiki/Raigarh_TRN_Power_Project
India,L100000102171,Raigarh project (VISA Power),,,Chhattisgarh,21.919374,83.279114,,,0,0,2,https://www.gem.wiki/Raigarh_project_(VISA_Power)
India,L100000102173,Raikheda power station,,Raipur Thermal Power Plant,Chhattisgarh,21.449918,81.852474,1370,,2,0,2,https://www.gem.wiki/Raikheda_power_station
India,L100000102174,Raipur Jain power station,,,Chhattisgarh,21.31196803,81.61318322,45,,1,0,0,https://www.gem.wiki/Raipur_Jain_power_station
India,L100000102175,Raipur Neco power station,,,Chhattisgarh,21.34376117,81.672524,55,,1,0,0,https://www.gem.wiki/Raipur_Neco_power_station
India,L100000102176,Raipur Sponge Iron power station,,,Chhattisgarh,21.987781,83.231306,37.5,,1,0,0,https://www.gem.wiki/Raipur_Sponge_Iron_power_station
India,L100000102489,Rairakhol power station,,,Odisha,20.667,84.333,,,0,0,2,https://www.gem.wiki/Rairakhol_power_station
India,L100000102119,Rajauli power station,,,Bihar,24.65,85.5,,,0,0,1,https://www.gem.wiki/Rajauli_power_station
India,L100000102192,Rajghat power station,,,Delhi,28.635832,77.254184,,135,0,2,0,https://www.gem.wiki/Rajghat_power_station
India,L100000102240,Rajiv Gandhi Thermal Power Project,,RGTPP,Haryana,29.34698,75.857538,1200,,2,0,1,https://www.gem.wiki/Rajiv_Gandhi_Thermal_Power_Project
India,L100000102532,Rajpura Dariba Mine power station,,,Rajasthan,24.947776,74.131622,160,,2,0,0,https://www.gem.wiki/Rajpura_Dariba_Mine_power_station
India,L100000102515,Rajpura Thermal Power Project,,,Punjab,30.558963,76.577593,1400,,2,0,1,https://www.gem.wiki/Rajpura_Thermal_Power_Project
India,L100000102602,Ramagundam power station,,"Telangana super thermal power project (Stage IV Units 8-9, Stage V Units 10-12), Telangana TPP (Stage IV Units 8-9, Stage V Units 10-12)",Telangana,18.7584502,79.4573172,4200,,9,0,3,https://www.gem.wiki/Ramagundam_power_station
India,L100000102603,Ramagundam-B power station,,,Telangana,18.755,79.456111,,62.5,0,1,1,https://www.gem.wiki/Ramagundam-B_power_station
India,L100000102427,Rampur coal plant,,,Maharashtra,17.53,73.52,,,0,0,1,https://www.gem.wiki/Rampur_coal_plant
India,L100000102490,Randia power station,,Bhadrak power station,Odisha,21.067296,86.454828,100,,2,0,0,https://www.gem.wiki/Randia_power_station
India,L100000102177,Ratija Power Project,,,Chhattisgarh,22.339994,82.492776,100,,2,0,0,https://www.gem.wiki/Ratija_Power_Project
India,L100000102428,Ratnagiri Power Plant,,,Maharashtra,17.296375,73.213105,1200,,4,0,1,https://www.gem.wiki/Ratnagiri_Power_Plant
India,L100000102178,Rawan Cement power station,,,Chhattisgarh,24.764914,74.609613,30,,1,0,0,https://www.gem.wiki/Rawan_Cement_power_station
India,L100000102491,Rayagada Paper power station,,,Odisha,19.246167,83.41243,55,,1,0,0,https://www.gem.wiki/Rayagada_Paper_power_station
India,L100000102066,Rayalaseema Thermal Power Project,,,Andhra Pradesh,14.697282,78.459364,1650,,6,0,0,https://www.gem.wiki/Rayalaseema_Thermal_Power_Project
India,L100000102492,Rengali Bhushan power station,,,Odisha,21.680814,84.040505,360,,4,0,0,https://www.gem.wiki/Rengali_Bhushan_power_station
India,L100000102493,Rengali power station,,,Odisha,21.627661,84.047073,,,0,0,1,https://www.gem.wiki/Rengali_power_station
India,L100000102648,Renusagar power station,,,Uttar Pradesh,24.181093,82.791279,725.7,,10,0,0,https://www.gem.wiki/Renusagar_power_station
India,L100000102358,Rewa power station,,,Madhya Pradesh,21.83,76.33,,,0,0,2,https://www.gem.wiki/Rewa_power_station
India,L100000102649,Rihand power station,,,Uttar Pradesh,24.027,82.7915,3000,,6,0,0,https://www.gem.wiki/Rihand_power_station
India,L100000102516,Ropar power station,,"Guru Gobind Singh Super Thermal Power Plant, Rupnagar power station",Punjab,31.0417,76.5847,840,420,4,2,3,https://www.gem.wiki/Ropar_power_station
India,L100000102650,Rosa Thermal Power Plant,,,Uttar Pradesh,27.8194455,79.9371618,1200,,4,0,2,https://www.gem.wiki/Rosa_Thermal_Power_Plant
India,L100000102494,Rourkela Works-2 power station,,Rourkela power station,Odisha,22.221,84.880551,370,,3,0,0,https://www.gem.wiki/Rourkela_Works-2_power_station
India,L100000102574,SEPC Tuticorin power station,,,Tamil Nadu,8.75531057,78.15803095,525,,1,0,0,https://www.gem.wiki/SEPC_Tuticorin_power_station
India,L100000102188,SVPL power station,,,Chhattisgarh,22.292,82.5254,63,,1,0,1,https://www.gem.wiki/SVPL_power_station
India,L100000102223,Sabarmati power station,,,Gujarat,23.070555,72.593889,362,60,3,2,0,https://www.gem.wiki/Sabarmati_power_station
India,L100000102683,Sagar power station,,,West Bengal,22.03,88.06,,,0,0,3,https://www.gem.wiki/Sagar_power_station
India,L100000102684,Sagardighi Thermal Power Station,,Sagardighi St. III U-1 (Stage III Unit 5),West Bengal,24.3688141,88.1040001,1600,,4,0,2,https://www.gem.wiki/Sagardighi_Thermal_Power_Station
India,L100000102067,Saggonda power station,,,Andhra Pradesh,17.17799643,81.61139289,33,,1,0,0,https://www.gem.wiki/Saggonda_power_station
India,L100000102284,Sahibganj power station,,,Jharkhand,24.858152,87.774208,,,0,0,2,https://www.gem.wiki/Sahibganj_power_station
India,L100000102496,Sakhigopal Ultra Mega Power Project,,,Odisha,19.958191,85.826363,,,0,0,1,https://www.gem.wiki/Sakhigopal_Ultra_Mega_Power_Project
India,L100000102224,Salaya power plant,,"Salaya-Dev Bhoomi Dwarka Thermal Power Plant, Vadinar P2 (Phase II Unit 1, Phase II Unit 2)",Gujarat,22.3049,69.7101,1200,,2,0,5,https://www.gem.wiki/Salaya_power_plant
India,L100000102685,Salboni power plant,,,West Bengal,22.641998,87.32392,,,0,0,4,https://www.gem.wiki/Salboni_power_plant
India,L100000102571,Salem Siscol power station,,,Tamil Nadu,11.814008,77.919073,30,,1,0,0,https://www.gem.wiki/Salem_Siscol_power_station
India,L100000102179,Salora power station,,,Chhattisgarh,22.489952,82.606239,135,,1,0,4,https://www.gem.wiki/Salora_power_station
India,L100000102651,Sandila power station,,,Uttar Pradesh,27.08,80.52,,,0,0,2,https://www.gem.wiki/Sandila_power_station
India,L100001000147,Sanghipuram Cement power station,,,Gujarat,23.39980829,68.57017281,130,,2,0,0,https://www.gem.wiki/Sanghipuram_Cement_power_station
India,L100000102359,Sanjay Gandhi power station,,Birsingpur power station,Madhya Pradesh,23.305744,81.064817,1340,,5,0,0,https://www.gem.wiki/Sanjay_Gandhi_power_station
India,L100000102686,Santaldih Thermal Power Station,,,West Bengal,23.6013,86.4666,500,480,2,4,2,https://www.gem.wiki/Santaldih_Thermal_Power_Station
India,L100000102180,Sapnai power station,,,Chhattisgarh,21.865163,83.531256,,,0,0,3,https://www.gem.wiki/Sapnai_power_station
India,L100000102181,Sapos power station (BEC Power),,,Chhattisgarh,21.753253,83.16892,,,0,0,2,https://www.gem.wiki/Sapos_power_station_(BEC_Power)
India,L100000102182,Sapos power station (Suryachakra),,,Chhattisgarh,21.756311,83.167477,,,0,0,2,https://www.gem.wiki/Sapos_power_station_(Suryachakra)
India,L100000102360,Sasan Ultra Mega Power Project,,,Madhya Pradesh,23.9775233,82.6264733,3960,,6,0,3,https://www.gem.wiki/Sasan_Ultra_Mega_Power_Project
India,L100001000105,Satna Cement Plant power station,,,Madhya Pradesh,24.594239,80.857937,,,0,0,1,https://www.gem.wiki/Satna_Cement_Plant_power_station
India,L100000102361,Satpura Thermal Power Station,,,Madhya Pradesh,22.108133,78.177072,500,1142.5,2,9,1,https://www.gem.wiki/Satpura_Thermal_Power_Station
India,L100000102572,Sattankulam power station,,,Tamil Nadu,8.45,77.93,,,0,0,2,https://www.gem.wiki/Sattankulam_power_station
India,L100000102604,Sattupally Thermal Power Station,,,Telangana,17.208012,80.829475,,,0,0,1,https://www.gem.wiki/Sattupally_Thermal_Power_Station
India,L100000102573,Savarimangalam power station,,,Tamil Nadu,8.862239,77.985642,,,0,0,4,https://www.gem.wiki/Savarimangalam_power_station
India,L100000102362,Seoni power station,,,Madhya Pradesh,22.09,79.55,,,0,0,2,https://www.gem.wiki/Seoni_power_station
India,L100000102285,Seraikela power station,,,Jharkhand,23.018671,85.94376,,,0,0,3,https://www.gem.wiki/Seraikela_power_station
India,L100000102363,Shahdol power station,,,Madhya Pradesh,23.275,81.483611,,,0,0,2,https://www.gem.wiki/Shahdol_power_station
India,L100000102364,Shahdol power station (Pagaria),,,Madhya Pradesh,23.3,81.35,,,0,0,4,https://www.gem.wiki/Shahdol_power_station_(Pagaria)
India,L100000102429,Shahpur Thermal Power Project,,,Maharashtra,18.64,72.88,,,0,0,1,https://www.gem.wiki/Shahpur_Thermal_Power_Project
India,L100000102365,Shahpura power station,,,Madhya Pradesh,23.138821,79.667655,,,0,0,2,https://www.gem.wiki/Shahpura_power_station
India,L100000102366,Shree Singaji Thermal Power Project,,Dongalia power project,Madhya Pradesh,22.09914,76.531727,2520,,4,0,0,https://www.gem.wiki/Shree_Singaji_Thermal_Power_Project
India,L100000102533,Shriram Rayons power station,,,Rajasthan,25.138396,75.883598,141,,1,0,0,https://www.gem.wiki/Shriram_Rayons_power_station
India,L100000102367,Sidhi Cement Plant power station,,Jaypee Sidhi Cement; Kariajhar power station,Madhya Pradesh,24.326294,81.332817,155,,3,0,0,https://www.gem.wiki/Sidhi_Cement_Plant_power_station
India,L100000102368,Sidhi Power Project,,,Madhya Pradesh,24.133333,81.866667,,,0,0,2,https://www.gem.wiki/Sidhi_Power_Project
India,L100000102605,Sigma Infrarop power station (Khamman),,,Telangana,17.247253,80.151445,,,0,0,1,https://www.gem.wiki/Sigma_Infrarop_power_station_(Khamman)
India,L100000102225,Sikka Thermal Power Station,,,Gujarat,22.420828,69.8276,500,240,2,2,1,https://www.gem.wiki/Sikka_Thermal_Power_Station
India,L100000102183,Siltara SKS power station,,,Chhattisgarh,21.391385,81.646357,30,,1,0,0,https://www.gem.wiki/Siltara_SKS_power_station
India,L100000102184,Siltara Works power station,,,Chhattisgarh,21.37323029,81.68440957,30,,1,0,0,https://www.gem.wiki/Siltara_Works_power_station
India,L100000102226,Simar power station,,,Gujarat,21.012822,70.272828,,,0,0,1,https://www.gem.wiki/Simar_power_station
India,L100000102068,Simhadri power station,,,Andhra Pradesh,17.591,83.09166,2000,,4,0,2,https://www.gem.wiki/Simhadri_power_station
India,L100000102073,Simhapuri Thamminapatnam power station,,,Andhra Pradesh,14.204576,80.086636,600,,4,0,2,https://www.gem.wiki/Simhapuri_Thamminapatnam_power_station
India,L100001046207,Singareni RVUNL thermal power station,,,Telangana,17.717583,78.968163,,,0,0,1,https://www.gem.wiki/Singareni_RVUNL_thermal_power_station
India,L100000102652,Singrauli Super Thermal Power Station,,,Uttar Pradesh,24.1042119,82.7063552,2000,,7,0,2,https://www.gem.wiki/Singrauli_Super_Thermal_Power_Station
India,L100000102687,Singur power station,,,West Bengal,22.81,88.23,,,0,0,2,https://www.gem.wiki/Singur_power_station
India,L100000102227,Sinor power station,,,Gujarat,22,73.3,,,0,0,2,https://www.gem.wiki/Sinor_power_station
India,L100000102185,Sipat power station,,Rajiv Gandhi STPS power station,Chhattisgarh,22.131662,82.29035,2980,,5,0,1,https://www.gem.wiki/Sipat_power_station
India,L100000102120,Sirdala power station,,,Bihar,24.87995,85.53,,,0,0,1,https://www.gem.wiki/Sirdala_power_station
India,L100000102575,Sirkali power station,,,Tamil Nadu,11.23,79.73,,,0,0,2,https://www.gem.wiki/Sirkali_power_station
India,L100000102576,Sirkazhi power station,,,Tamil Nadu,11.193889,79.836667,,,0,0,2,https://www.gem.wiki/Sirkazhi_power_station
India,L100000102606,Sitapuram Cement power station,,,Telangana,16.83007007,80.04077398,43,,1,0,0,https://www.gem.wiki/Sitapuram_Cement_power_station
India,L100000102497,Sodamal power station,,,Odisha,21.8602,84.0155,,,0,0,2,https://www.gem.wiki/Sodamal_power_station
India,L100000102431,Solapur power station,,,Maharashtra,17.551296,75.9832,1320,,2,0,0,https://www.gem.wiki/Solapur_power_station
India,L100000102069,Sompeta power station (Suryachakra),,,Andhra Pradesh,18.93742,84.590157,,,0,0,2,https://www.gem.wiki/Sompeta_power_station_(Suryachakra)
India,L100000102688,Southern CESC power station,,,West Bengal,22.549591,88.291512,135,,2,0,0,https://www.gem.wiki/Southern_CESC_power_station
India,L100000102498,Spi Ports power station,,,Odisha,20.474444,86.545278,,,0,0,2,https://www.gem.wiki/Spi_Ports_power_station
India,L100000102070,Sree Siva Satyadeva Power Plant,,,Andhra Pradesh,18.3,83.9,,,0,0,1,https://www.gem.wiki/Sree_Siva_Satyadeva_Power_Plant
India,L100000102071,Sri Damodaram Sanjeevaiah Thermal Power Station,,"Damodaram Sanjeevaiah, Krishnapatnam Supercritical thermal power project",Andhra Pradesh,14.327604,80.122105,2400,,3,0,0,https://www.gem.wiki/Sri_Damodaram_Sanjeevaiah_Thermal_Power_Station
India,L100000102499,Sri Ramchandrapur power project,,,Odisha,19.383,85.05,,,0,0,1,https://www.gem.wiki/Sri_Ramchandrapur_power_project
India,L100000102072,Srikakulam Thermal Power Station,,,Andhra Pradesh,18.3667,84.1,,,0,0,1,https://www.gem.wiki/Srikakulam_Thermal_Power_Station
India,L100000102453,Srirampur Coal-to-Liquids Project,,,Odisha,20.71623,85.28414,,,0,0,1,https://www.gem.wiki/Srirampur_Coal-to-Liquids_Project
India,L100000102500,Sundargarh Ultra Mega Power Project,,,Odisha,22.040484,84.032603,,,0,0,1,https://www.gem.wiki/Sundargarh_Ultra_Mega_Power_Project
India,L100000102228,Surat Lignite Power Plant,,,Gujarat,21.397304,73.106993,500,,4,0,2,https://www.gem.wiki/Surat_Lignite_Power_Plant
India,L100000102534,Suratgarh Super Thermal Power Station,,,Rajasthan,29.181766,74.018741,2820,,8,0,2,https://www.gem.wiki/Suratgarh_Super_Thermal_Power_Station
India,L100000102187,Surguja Ultra Mega Power Project,,,Chhattisgarh,23.453168,83.417587,,,0,0,1,https://www.gem.wiki/Surguja_Ultra_Mega_Power_Project
India,L100000102186,Surguja power station,,,Chhattisgarh,23.12,83.2,,,0,0,4,https://www.gem.wiki/Surguja_power_station
India,L100000102369,Suryachakra Thermal (Madhya Pradesh),,,Madhya Pradesh,24.4167,81.8833,,,0,0,2,https://www.gem.wiki/Suryachakra_Thermal_(Madhya_Pradesh)
India,L100000102229,Suryachakra captive power plant,,,Gujarat,23.216667,72.683333,,,0,0,1,https://www.gem.wiki/Suryachakra_captive_power_plant
India,L100001000571,THDCIL-UJVNL Energy power station,,,Uttarakhand,30.225,79.228,,,0,0,1,https://www.gem.wiki/THDCIL-UJVNL_Energy_power_station
India,L100000102501,Talabira power station,,,Odisha,21.778342,83.989506,,,0,0,4,https://www.gem.wiki/Talabira_power_station
India,L100000102577,Talanchankadu power station,,,Tamil Nadu,11.029167,79.849444,,,0,0,2,https://www.gem.wiki/Talanchankadu_power_station
India,L100000102502,Talcher Kaniha Super Thermal Power Station,,Talcher STPS,Odisha,21.0970667,85.0750266,3000,,6,0,2,https://www.gem.wiki/Talcher_Kaniha_Super_Thermal_Power_Station
India,L100000102504,Talcher power station,,"Talcher-A power station (Unit A1, Unit A2, Unit A3, Unit A4), Talcher-B power station (Unit B5, Unit B6)",Odisha,20.9110615,85.2072412,,460,0,6,2,https://www.gem.wiki/Talcher_power_station
India,L100000102503,Talcher power station (NSL Nagapatnam),,,Odisha,20.916667,85.183333,,,0,0,2,https://www.gem.wiki/Talcher_power_station_(NSL_Nagapatnam)
India,L100000102518,Talwandi Sabo Power Project,,,Punjab,29.92458,75.238929,1980,,3,0,1,https://www.gem.wiki/Talwandi_Sabo_Power_Project
India,L100000102189,Tamnar power station,,,Chhattisgarh,22.098747,83.451312,3400,,8,0,0,https://www.gem.wiki/Tamnar_power_station
India,L100000102653,Tanda power station,,,Uttar Pradesh,26.5894846,82.601235,1760,,6,0,0,https://www.gem.wiki/Tanda_power_station
India,L100000102286,Tasra Coking power station,,,Jharkhand,23.78,86.72,,,0,0,1,https://www.gem.wiki/Tasra_Coking_power_station
India,L100000102505,Tata Begunia power station,,,Odisha,19.27,84.92,,,0,0,1,https://www.gem.wiki/Tata_Begunia_power_station
India,L100000102230,Tata Mundra Ultra Mega Power Project,,,Gujarat,22.8158,69.5281,4000,,5,0,2,https://www.gem.wiki/Tata_Mundra_Ultra_Mega_Power_Project
India,L100000102287,Tenughat power station,,,Jharkhand,23.7276632,85.7652325,420,,2,0,2,https://www.gem.wiki/Tenughat_power_station
India,L100000102580,Tharangambadi power station,,,Tamil Nadu,11.061111,79.842222,,,0,0,2,https://www.gem.wiki/Tharangambadi_power_station
India,L100000102579,Tharangambadi power station (PPN Power),,,Tamil Nadu,11.029167,79.849444,,,0,0,2,https://www.gem.wiki/Tharangambadi_power_station_(PPN_Power)
India,L100000102578,Tharangambadi power station (Patel Power),,,Tamil Nadu,11.029167,79.849444,,,0,0,3,https://www.gem.wiki/Tharangambadi_power_station_(Patel_Power)
India,L100000102581,Thirumallaivasal power station,,,Tamil Nadu,11.240536,79.838591,,,0,0,2,https://www.gem.wiki/Thirumallaivasal_power_station
India,L100000102583,Thoothukudi IBPGL power station,,,Tamil Nadu,8.864947,78.106989,,189,0,3,0,https://www.gem.wiki/Thoothukudi_IBPGL_power_station
India,L100000102582,Thoothukudi IBTPL power station,,Tuticorin TPP-II,Tamil Nadu,8.882745,78.053583,,300,0,2,1,https://www.gem.wiki/Thoothukudi_IBTPL_power_station
India,L100001061539,Thoothukudi TNPGCL power station,,,Tamil Nadu,8.761801,78.163355,,,0,0,1,https://www.gem.wiki/Thoothukudi_TNPGCL_power_station
India,L100000102288,Tilaiya Ultra Mega Power Project,,,Jharkhand,24.316667,85.6,,,0,0,6,https://www.gem.wiki/Tilaiya_Ultra_Mega_Power_Project
India,L100000102432,Tiroda Thermal Power Project,,"Tiroda-1 Thermal Power Project Unit 1 (Phase I Unit 1), Tiroda-3 Thermal Power Project Unit 1 (Phase III Unit 4), Tiroda-1 Thermal Power Project Unit 2 (Phase I Unit 2), Tiroda-2 Thermal Power Project Unit 1 (Phase II Unit 3), Tiroda-3 Thermal Power Project Unit 2 (Phase III Unit 5)",Maharashtra,21.412502,79.96731,3300,,5,0,0,https://www.gem.wiki/Tiroda_Thermal_Power_Project
India,L100000102289,Tiruldih Power Project,,,Jharkhand,23.141111,85.957778,,,0,0,3,https://www.gem.wiki/Tiruldih_Power_Project
India,L100000102689,Titagarh power station,,,West Bengal,22.731974,88.370309,240,,4,0,0,https://www.gem.wiki/Titagarh_power_station
India,L100000102290,Tori power plant,,,Jharkhand,23.7073307,84.7738552,,,0,0,3,https://www.gem.wiki/Tori_power_plant
India,L100001046328,Torrent Power thermal power station,,,Madhya Pradesh,23.1152535,81.6986037,,,0,0,2,https://www.gem.wiki/Torrent_Power_thermal_power_station
India,L100000102433,Trombay power station,,,Maharashtra,19.0027,72.8979,750,150,2,1,1,https://www.gem.wiki/Trombay_power_station
India,L100000102550,Tulsyan Steel Gummidipoondi captive power station,,,Tamil Nadu,13.416421,80.056944,70,,2,0,0,https://www.gem.wiki/Tulsyan_Steel_Gummidipoondi_captive_power_station
India,L100000102584,Tuticorin NTPL power station,,,Tamil Nadu,8.760363,78.171083,1000,,2,0,0,https://www.gem.wiki/Tuticorin_NTPL_power_station
India,L100000102586,Tuticorin Smelter power station,,,Tamil Nadu,8.816981,78.0899754,,160,0,2,0,https://www.gem.wiki/Tuticorin_Smelter_power_station
India,L100000102587,Tuticorin Thermal Power Station,,,Tamil Nadu,8.762518,78.175976,1050,,5,0,0,https://www.gem.wiki/Tuticorin_Thermal_Power_Station
India,L100000102585,Tuticorin power station (Ind-Barath),,,Tamil Nadu,8.3959535,77.950861,,,0,0,2,https://www.gem.wiki/Tuticorin_power_station_(Ind-Barath)
India,L100000102190,Uchpinda power station,,,Chhattisgarh,21.8864,83.12081,1440,,4,0,0,https://www.gem.wiki/Uchpinda_power_station
India,L100000102588,Udangudi Super Critical Thermal Power Project,,,Tamil Nadu,8.434722,78.061111,,,0,0,6,https://www.gem.wiki/Udangudi_Super_Critical_Thermal_Power_Project
India,L100000102310,Udupi Cement Plant,,,Karnataka,13.3389,74.7451,,,0,0,1,https://www.gem.wiki/Udupi_Cement_Plant
India,L100000102311,Udupi power station,,,Karnataka,13.1596,74.8002,1200,,2,0,2,https://www.gem.wiki/Udupi_power_station
India,L100000102231,Ukai Thermal Power Station,,,Gujarat,21.2093,73.5574,1110,240,4,2,2,https://www.gem.wiki/Ukai_Thermal_Power_Station
India,L100000102074,Uppada power station,,,Andhra Pradesh,17.0587,82.3097,,,0,0,2,https://www.gem.wiki/Uppada_power_station
India,L100000102589,Uppur power station,,,Tamil Nadu,9.58299,78.90976,,,0,0,2,https://www.gem.wiki/Uppur_power_station
India,L100000102506,Utkal Smelter power station,,,Odisha,19.19549855,83.02993129,90,,3,0,0,https://www.gem.wiki/Utkal_Smelter_power_station
India,L100000102654,Utraula power station,,,Uttar Pradesh,27.34551453,82.31654526,90,,2,0,0,https://www.gem.wiki/Utraula_power_station
India,L100000102607,VBC Ferro Alloys Bodepalli plant,,,Telangana,18.242513,83.348215,,,0,0,2,https://www.gem.wiki/VBC_Ferro_Alloys_Bodepalli_plant
India,L100000102535,VS Lignite Plant,,,Rajasthan,27.8567,72.8577,135,,1,0,0,https://www.gem.wiki/VS_Lignite_Plant
India,L100000102075,Vadarevu Ultra Mega Power Project,,,Andhra Pradesh,15.808028,80.397348,,,0,0,5,https://www.gem.wiki/Vadarevu_Ultra_Mega_Power_Project
India,L100000102312,Vadlur power station,,"Raichur Surana, Raichur Steel power station",Karnataka,16.3015842,77.3615384,35,,1,0,2,https://www.gem.wiki/Vadlur_power_station
India,L100000102590,Vallur Thermal Power Plant,,,Tamil Nadu,13.237131,80.301754,1500,,3,0,0,https://www.gem.wiki/Vallur_Thermal_Power_Plant
India,L100000102313,Vantamuri power station,,,Karnataka,16.23,74.6,,,0,0,1,https://www.gem.wiki/Vantamuri_power_station
India,L100001000106,Vellaturu power station,,,Telangana,16.719444,79.998611,,,0,0,2,https://www.gem.wiki/Vellaturu_power_station
India,L100000102076,Vemavaram power station,,,Andhra Pradesh,16.317475,81.096252,,,0,0,2,https://www.gem.wiki/Vemavaram_power_station
India,L100000102434,Vidarbha thermal power station,,,Maharashtra,20.822194,78.487208,,,0,0,2,https://www.gem.wiki/Vidarbha_thermal_power_station
India,L100000102077,Vijayawada Thermal Power Station (IGCC),,,Andhra Pradesh,16.5973,80.5382,,,0,0,1,https://www.gem.wiki/Vijayawada_Thermal_Power_Station_(IGCC)
India,L100000102314,Vijaynagar (KPCL) power station,,,Karnataka,15.325,76.465,,,0,0,2,https://www.gem.wiki/Vijaynagar_(KPCL)_power_station
India,L100000102078,Vikas Power thermal plant,,,Andhra Pradesh,14.288601,80.124848,,,0,0,4,https://www.gem.wiki/Vikas_Power_thermal_plant
India,L100000102232,Vilayat Caustic power station,,,Gujarat,21.77775308,72.90249713,90,,3,0,0,https://www.gem.wiki/Vilayat_Caustic_power_station
India,L100000102371,Vindhyachal power station,,,Madhya Pradesh,24.0983,82.6719,4760,,13,0,0,https://www.gem.wiki/Vindhyachal_power_station
India,L100000102291,Visa Power Jharkhand project,,,Jharkhand,22.74199,85.872574,,,0,0,1,https://www.gem.wiki/Visa_Power_Jharkhand_project
India,L100000102079,Visakhapatnam Sarda power station,,,Andhra Pradesh,17.72024591,83.27173172,84,,1,0,0,https://www.gem.wiki/Visakhapatnam_Sarda_power_station
India,L100000102080,Vizag Kaizen power station,,,Andhra Pradesh,17.563642,83.138877,,,0,0,1,https://www.gem.wiki/Vizag_Kaizen_power_station
India,L100000102081,Vizag Simhadri power station,,,Andhra Pradesh,17.636926,83.193133,50,,1,0,0,https://www.gem.wiki/Vizag_Simhadri_power_station
India,L100000102082,Vizag Steel Plant power station,,,Andhra Pradesh,17.606547,83.196713,315,,5,0,0,https://www.gem.wiki/Vizag_Steel_Plant_power_station
India,L100000102083,Vizag Thermal Power Plant,,,Andhra Pradesh,17.563642,83.138877,1040,,2,0,0,https://www.gem.wiki/Vizag_Thermal_Power_Plant
India,L100000102233,Wanakbori Thermal Power Station,,,Gujarat,22.8725375,73.3588028,2270,,8,0,0,https://www.gem.wiki/Wanakbori_Thermal_Power_Station
India,L100000102435,Waral power station,,,Maharashtra,19.521033,75.009818,,,0,0,1,https://www.gem.wiki/Waral_power_station
India,L100000102436,Wardha Warora Power Plant,,,Maharashtra,20.272443,78.978916,540,,4,0,1,https://www.gem.wiki/Wardha_Warora_Power_Plant
India,L100000102437,Wardha Works power station,,,Maharashtra,20.70894935,78.62815063,80,,2,0,0,https://www.gem.wiki/Wardha_Works_power_station
India,L100000102372,Welspun Amla power station,,,Madhya Pradesh,21.9233,78.129158,,,0,0,1,https://www.gem.wiki/Welspun_Amla_power_station
India,L100000102292,Welspun Energy Parbahal Thermal Power Plant,,,Jharkhand,23.453168,86.3134,,,0,0,1,https://www.gem.wiki/Welspun_Energy_Parbahal_Thermal_Power_Plant
India,L100000102656,Welspun Ghazipur project,,,Uttar Pradesh,25.591721,83.319183,,,0,0,1,https://www.gem.wiki/Welspun_Ghazipur_project
India,L100000102438,Welspun Maxsteel power station,,,Maharashtra,18.530398,72.92038,,,0,0,1,https://www.gem.wiki/Welspun_Maxsteel_power_station
India,L100000102374,Welspun Mega Industrial & Energy Park,,,Madhya Pradesh,24.505894,81.496468,,,0,0,2,https://www.gem.wiki/Welspun_Mega_Industrial_&_Energy_Park
India,L100000102084,West Godavari Super Thermal Power Station,,,Andhra Pradesh,17.409651,82.714788,,,0,0,6,https://www.gem.wiki/West_Godavari_Super_Thermal_Power_Station
India,L100000102440,West Khasi Hills power station,,,Meghalaya,25.491579,91.269847,,,0,0,2,https://www.gem.wiki/West_Khasi_Hills_power_station
India,L100000102608,Yadadri power station,,,Telangana,16.708219,79.581184,1600,,2,0,3,https://www.gem.wiki/Yadadri_power_station
India,L100000102315,Yermarus power station,,Vadloor Power Station,Karnataka,16.295261,77.35612,1600,,2,0,0,https://www.gem.wiki/Yermarus_power_station
India,L100000102536,Zawar Mines power station,,,Rajasthan,24.34979568,73.74862066,80,,1,0,0,https://www.gem.wiki/Zawar_Mines_power_station
Italy,L100000102860,Andrea Palladio power station,,Fusina power station,Veneto,45.4314,12.2468,,976,0,4,0,https://www.gem.wiki/Andrea_Palladio_power_station
Italy,L100000102851,Brescia power station,,,Lombardy,45.516389,10.212222,,75,0,1,0,https://www.gem.wiki/Brescia_power_station
Italy,L100000102841,Brindisi Nord power station,,,Apulia,40.644119,17.980801,,1280,0,4,0,https://www.gem.wiki/Brindisi_Nord_power_station
Italy,L100000102842,Brindisi Sud power station,,"Federico 3 (Unit 2), Federico 2 (Unit 1), Federico 5 (Unit 4), Federico 4 (Unit 3), Federico II",Apulia,40.563636,18.032206,,2640,0,4,0,https://www.gem.wiki/Brindisi_Sud_power_station
Italy,L100000102848,Enel Genova power station,,,Liguria,44.402696,8.904247,,295,0,3,0,https://www.gem.wiki/Enel_Genova_power_station
Italy,L100000104405,Eurallumina power station,,,Carbonia-Iglesias,39.206886,8.396481,,,0,0,1,https://www.gem.wiki/Eurallumina_power_station
Italy,L100000102856,Fiume Santo power station,,,Sardegna,40.846447,8.307164,640,,2,0,1,https://www.gem.wiki/Fiume_Santo_power_station
Italy,L100000102849,La Spezia power station,,,Liguria,44.112151,9.8842,,600,0,1,0,https://www.gem.wiki/La_Spezia_power_station
Italy,L100000102846,Monfalcone power station,,,Friuli-Venezia Giulia,45.7979,13.5455,,336,0,2,1,https://www.gem.wiki/Monfalcone_power_station
Italy,L100000102852,Ottana power plant,,,Nuoro,40.233555,9.03855,,,0,0,1,https://www.gem.wiki/Ottana_power_plant
Italy,L100000104723,Pietrafitta power station,,,Perugia,42.9954,12.1995,,68,0,2,0,https://www.gem.wiki/Pietrafitta_power_station
Italy,L100000102859,Pietro Vannucci power station,,Bastardo power station,Umbria,42.896993,12.538264,,150,0,2,0,https://www.gem.wiki/Pietro_Vannucci_power_station
Italy,L100000102850,Piombino power station,,,Livorno,42.916667,10.533333,,,0,0,1,https://www.gem.wiki/Piombino_power_station
Italy,L100000102861,Porto Marghera Enel power station,,,Veneto,45.459395,12.231839,,140,0,2,0,https://www.gem.wiki/Porto_Marghera_Enel_power_station
Italy,L100000102855,Porto Tolle power station,,,Rovigo,44.94968,12.32452,,,0,0,3,https://www.gem.wiki/Porto_Tolle_power_station
Italy,L100000102845,Rossano Calabro power station,,,Cosenza,39.622666,16.606747,,,0,0,1,https://www.gem.wiki/Rossano_Calabro_power_station
Italy,L100000102843,Saline Joniche Power Station,,,Calabria,37.934933,15.725,,,0,0,2,https://www.gem.wiki/Saline_Joniche_Power_Station
Italy,L100000400436,Santa Barbara power station,,Santa Barbara Enel power station,Arezzo,43.565,11.4777,,250,0,2,0,https://www.gem.wiki/Santa_Barbara_power_station
Italy,L100000102844,Sulcis power station,,,Carbonia-Iglesias,39.197631,8.401494,590,,2,0,1,https://www.gem.wiki/Sulcis_power_station
Italy,L100000102854,Torrevaldaliga Nord power station,,,Rome,42.1269,11.7583,,1980,0,3,0,https://www.gem.wiki/Torrevaldaliga_Nord_power_station
Italy,L100000102858,Vado Ligure power station,,,Savona,44.2755,8.4305,,980,0,3,1,https://www.gem.wiki/Vado_Ligure_power_station
Japan,L100000102908,Akita power station,,,Tohoku,39.718611,140.1025,,,0,0,2,https://www.gem.wiki/Akita_power_station
Japan,L100000102912,Ako Cement Plant power station,住友大阪セメント 赤穂工場,Sumitomo Osaka Cement Ako Factory power station,Kansai,34.752983,134.364278,102.5,,1,0,0,https://www.gem.wiki/Ako_Cement_Plant_power_station
Japan,L100000102913,Ako power station,,,Kansai,34.751667,134.393056,,,0,0,2,https://www.gem.wiki/Ako_power_station
Japan,L100000102920,Chiba-Sodegaura power station,,,Kantō,35.433333,139.973635,,,0,0,2,https://www.gem.wiki/Chiba-Sodegaura_power_station
Japan,L100000102880,Chogoku Air Water Yamaguchi co-fire power station,防府バイオマス・石炭混焼発電所,"Hofu power station, Hofu biomass-coal mixed power plant",Chūgoku,34.0425,131.584785,112,,1,0,0,https://www.gem.wiki/Chogoku_Air_Water_Yamaguchi_co-fire_power_station
Japan,L100000104622,Daicel Otake power station,ダイセル 大竹工場,Daicel Ohtake power station,Chūgoku,34.214866,132.241965,88.5,,2,0,0,https://www.gem.wiki/Daicel_Otake_power_station
Japan,L100000104855,Daio Mishima Mill power station,"大王製紙 三島工場, 三島工場バイオマス発電設, 大王製紙株式会社",,Shikoku,33.98952,133.5512,356,,5,0,0,https://www.gem.wiki/Daio_Mishima_Mill_power_station
Japan,L100000102933,Gushikawa power station,具志川発電所,,Kyūshū,26.379235,127.875742,312,,2,0,0,https://www.gem.wiki/Gushikawa_power_station
Japan,L100000102958,Hachinohe Mill power station,"エム・ピー・エム・王子エコエネルギー株式会社, 三菱製紙（株）八戸工場","MPM Oji Eco Energy Biomass Power Plant, Hachinohe Eco-Energy Cogen Power Station",Tōhoku,40.567959,141.478536,,90,0,2,0,https://www.gem.wiki/Hachinohe_Mill_power_station
Japan,L100000102959,Haramachi power station,原町発電所,,Tohoku,37.665675,141.014758,2000,,2,0,0,https://www.gem.wiki/Haramachi_power_station
Japan,L100000102870,Hekinan power station,碧南発電所,,Chūbu,34.834612,136.959336,4100,,5,0,0,https://www.gem.wiki/Hekinan_power_station
Japan,L100000104537,Hibikinada Thermal Power Station,響灘火力発電所,"Hibikinada IDI Power Station, Hibikinada Coal and Biomass Power Plant, Orix Hibikinada",Kyūshū,33.94,130.830563,,112,0,1,0,https://www.gem.wiki/Hibikinada_Thermal_Power_Station
Japan,L100000102934,Hibikinida Biomass power station,ひびき灘・バイオマス発電所,Hibikinida Coal-Biomass power station,Kyūshū,33.94,130.790307,112,,1,0,0,https://www.gem.wiki/Hibikinida_Biomass_power_station
Japan,L100000102974,Hikari Works power station,日鉄ステンレス 山口製造所 光エリア,Nippon Steel Stainless Steel Yamaguchi Works Hikari Area,Chūgoku,33.96012644,131.9298179,106,,2,0,0,https://www.gem.wiki/Hikari_Works_power_station
Japan,L100000102914,Hirohata Works power station,日本製鉄 広畑製鉄所,Nippon Steel Hirohata Works power station,Kansai,34.787808,134.623711,298,,2,0,0,https://www.gem.wiki/Hirohata_Works_power_station
Japan,L100000102961,Hirono power station,広野発電所,"IGCC広野発電所 (IGCC), IGCC Hirono (IGCC)",Tohoku,37.232652,141.013799,1743,,3,0,0,https://www.gem.wiki/Hirono_power_station
Japan,L100000102921,Hitachinaka Generation,常陸那珂共同火力発電所,Hitachinaka Joint Thermal Power Station Unit 1,Kantō,36.4368,140.6138,650,,1,0,0,https://www.gem.wiki/Hitachinaka_Generation
Japan,L100000102922,Hitachinaka power station,常陸那珂発電所,,Kantō,36.4368,140.6138,2000,,2,0,0,https://www.gem.wiki/Hitachinaka_power_station
Japan,L100000104856,Hofu Energy Service power station,防府第二パワーステーション,"Hofu No. 2 power station, Hofu Daini power station",Chūgoku,34.03945,131.58447,36,,1,0,0,https://www.gem.wiki/Hofu_Energy_Service_power_station
Japan,L100000102923,Ichihara coal proposal,,,Kantō,35.5,140.116667,,,0,0,1,https://www.gem.wiki/Ichihara_coal_proposal
Japan,L100000102935,Ishikawa power station,石川発電所,Ishikawa J-Power power station,Kyūshū,26.430697,127.842287,312,,2,0,0,https://www.gem.wiki/Ishikawa_power_station
Japan,L100000102948,Ishinomaki Mill power station,"日本製紙 石巻工場, 日本製紙株式会社, 石巻工場",Nippon Paper (NPI) Ishinomaki Mill 8-6,Miyagi,38.41883,141.291733,98,,1,0,0,https://www.gem.wiki/Ishinomaki_Mill_power_station
Japan,L100000102924,Isogo power station,"磯子発電所, Shin Isogo power station",,Kantō,35.402755,139.642852,1200,,2,0,0,https://www.gem.wiki/Isogo_power_station
Japan,L100000104728,Isogo power station (original),,,Kantō,35.402755,139.642852,,530,0,2,0,https://www.gem.wiki/Isogo_power_station_(original)
Japan,L100000102871,Itoigawa power station,糸魚川発電所,,Chūbu,37.015262,137.791039,149,,1,0,0,https://www.gem.wiki/Itoigawa_power_station
Japan,L100000102962,Iwaki power station,,,Tōhoku,37.0505,140.887722,,,0,0,1,https://www.gem.wiki/Iwaki_power_station
Japan,L100000104803,Iwakuni Mill power station,日本製紙 岩国工場,,Chūgoku,34.176399,132.235421,35,,1,0,0,https://www.gem.wiki/Iwakuni_Mill_power_station
Japan,L100000102949,Iwanuma Mill power station,"日本製紙株式会社岩沼工場, 日本製紙 岩沼工場, 岩沼工場","Nippon Paper (NPI) Iwanuma Mill 6-6 (Unit 4), Nippon Paper (NPI) Iwanuma Mill 4-3 (Unit 3), Nippon Paper (NPI) Iwanuma Mill power station",Tōhoku,38.0897829,140.8607769,110.8,55,2,1,0,https://www.gem.wiki/Iwanuma_Mill_power_station
Japan,L100000102952,J-POWER Tachibana-wan power station,橘湾発電所 電源開発,Tachibanawan J-Power power station,Shikoku,33.858577,134.651346,2100,,2,0,0,https://www.gem.wiki/J-POWER_Tachibana-wan_power_station
Japan,L100000102926,KEPCO Chiba power station,,,Kantō,35.605,140.123333,,,0,0,1,https://www.gem.wiki/KEPCO_Chiba_power_station
Japan,L100000102882,Kaita power station,海田発電所,"Kaida, Hiroshima Gas plant, Kaita biomass blending",Chūgoku,34.365086,132.5253,112,,1,0,0,https://www.gem.wiki/Kaita_power_station
Japan,L100000102963,Kamaishi Works power station,日本製鉄 釜石製鐵所,Nippon Steel (NSC) Kamaishi Works,Tohoku,39.268586,141.876928,149,,1,0,0,https://www.gem.wiki/Kamaishi_Works_power_station
Japan,L100000102925,Kamisu power station,かみすパワー,Kamisu Thermal,Kantō,35.907407,140.70643,112,,1,0,0,https://www.gem.wiki/Kamisu_power_station
Japan,L100000102936,Karita power station,苅田発電所,Kanda power station,Kyūshū,33.787223,130.998863,,360,0,1,0,https://www.gem.wiki/Karita_power_station
Japan,L100000104889,Kashima Works power station,鹿島パワー,"Kashima power station No. 2, Kashima Iron Works power station, Kashima No.2, East Japan Steel Works power station",Kantō,35.947067,140.688737,645,,1,0,0,https://www.gem.wiki/Kashima_Works_power_station
Japan,L100000102937,Kin power station,金武発電所,,Kyūshū,26.446606,127.921757,440,,2,0,0,https://www.gem.wiki/Kin_power_station
Japan,L100000102915,Kobe power station,神戸発電所,"Shinko Kobe power station, Kobo Works",Kansai,34.703167,135.239426,2700,,4,0,0,https://www.gem.wiki/Kobe_power_station
Japan,L100000102930,Kochi Cement Plant power station,住友大阪セメント 高知工場,Sumitomo Osaka Cement Koichi power station,Shikoku,33.40335,133.302242,122,,2,0,0,https://www.gem.wiki/Kochi_Cement_Plant_power_station
Japan,L100000104753,Kureha Iwaki Factory power station,クレハ いわき事業所,,Tohoku,36.902367,140.777242,45,,1,0,0,https://www.gem.wiki/Kureha_Iwaki_Factory_power_station
Japan,L100000102899,Kushiro Mill Npi power station,日本製紙 釧路工場,,Hokkaido,43.006634,144.35858,145,,2,0,0,https://www.gem.wiki/Kushiro_Mill_Npi_power_station
Japan,L100000102900,Kushiro power station,釧路火力発電所,Kushiro Thermal Power Plant,Hokkaido,42.961628,144.405519,112,,1,0,0,https://www.gem.wiki/Kushiro_power_station
Japan,L100000104759,MCM HQ Energy Center power station,MCM本社エネルギーセンター,Mazda Hiroshima headquarters plant,Chūgoku,34.019107,131.51354,43,,1,0,0,https://www.gem.wiki/MCM_HQ_Energy_Center_power_station
Japan,L100000102966,Maeda-Ofunato power station,,,Tōhoku,39.068,141.725222,,,0,0,1,https://www.gem.wiki/Maeda-Ofunato_power_station
Japan,L100000102917,Maizuru power station,舞鶴発電所,,Kansai,35.52541,135.345587,1800,,2,0,0,https://www.gem.wiki/Maizuru_power_station
Japan,L100000104800,Marusumi Paper Ohe Mill power station,"丸住製紙 大江工場, 丸住製紙（株） 守衛所大江工場, 丸住製紙株式会社",,Shikoku,34.008364,133.554393,74,,2,0,0,https://www.gem.wiki/Marusumi_Paper_Ohe_Mill_power_station
Japan,L100000102938,Matsushima power station,松島発電所,"GENESIS松島計画 (New Unit 2), GENESIS Matsushima Project (New Unit 2)",Kyūshū,32.940027,129.597169,,1000,0,2,1,https://www.gem.wiki/Matsushima_power_station
Japan,L100000102940,Matsuura J-POWER power station,松浦発電所 電源開発,,Kyūshū,33.356383,129.692033,2000,,2,0,0,https://www.gem.wiki/Matsuura_J-POWER_power_station
Japan,L100000102939,Matsuura Kyushu power station,九州電力 松浦発電所,"Matsuura power station, Matsuura No.2 (Unit 2)",Kyūshū,33.350364,129.683244,1700,,2,0,0,https://www.gem.wiki/Matsuura_Kyushu_power_station
Japan,L100000102872,Meinan Kyodo Energy power station,名南共同エネルギー,,Chūbu,34.98680661,136.8514528,31,,1,0,0,https://www.gem.wiki/Meinan_Kyodo_Energy_power_station
Japan,L100000102893,Miike Mine power station,,,Kyūshū,33.6,130.583333,,47.5,0,1,0,https://www.gem.wiki/Miike_Mine_power_station
Japan,L100000102941,Miike power station,三池火力発電所,,Kyūshū,33.008268,130.421636,175,,1,0,0,https://www.gem.wiki/Miike_power_station
Japan,L100000102894,Mikawa power station,"株式会社シグマパワー有明 三川発電所(バイオマス), 三川発電所",Omuta City Next Generation Energy Park – Omuta and Mikawa,Kyūshū,33.019859,130.422645,,47.5,0,1,0,https://www.gem.wiki/Mikawa_power_station
Japan,L100000102883,Misumi power station,三隅発電所,Misumi No.2 (Unit 2),Chūgoku,34.780789,131.921768,2000,,2,0,0,https://www.gem.wiki/Misumi_power_station
Japan,L100000102898,Mitsubishi Chemical Hiroshima Factory power station,三菱ケミカル 広島事業所,,Chūgoku,34.22531,132.2351312,73,,1,0,0,https://www.gem.wiki/Mitsubishi_Chemical_Hiroshima_Factory_power_station
Japan,L100000104801,Mitsubishi Materials Kyushu Plant power station,三菱マテリアル 九州工場,,Kyūshū,33.800472,130.990241,115,,2,0,0,https://www.gem.wiki/Mitsubishi_Materials_Kyushu_Plant_power_station
Japan,L100000102884,Mizushima MZ power station,水島MZ発電所,Mizushima Energy Center,Chūgoku,34.583333,133.766667,112,,1,0,0,https://www.gem.wiki/Mizushima_MZ_power_station
Japan,L100000102885,Mizushima power station,水島発電所,,Chūgoku,34.507803,133.7445,,156,0,1,0,https://www.gem.wiki/Mizushima_power_station
Japan,L100000102903,NSC Muroran Works power station,日本製鉄 室蘭製鐵所,,Hokkaido,42.350715,140.992951,145,,1,0,0,https://www.gem.wiki/NSC_Muroran_Works_power_station
Japan,L100000102873,Nagoya power station,中山名古屋発電所,"Nakayama Nagoya power station, Nakayama Nagoya power station 2 (Unit 2)",Chūbu,34.843989,136.926917,259,,2,0,0,https://www.gem.wiki/Nagoya_power_station
Japan,L100000102902,Naie power station,奈井江発電所,,Hokkaido,43.422257,141.844158,,350,0,2,0,https://www.gem.wiki/Naie_power_station
Japan,L100000102967,Nakoso power station,勿来発電所,"IGCC Nakoso (IGCC), IGCC勿来発電所 (IGCC)",Tohoku,36.9128,140.8128,1975,250,4,1,0,https://www.gem.wiki/Nakoso_power_station
Japan,L100000102875,Nanao-Ota Shinko power station,七尾大田発電所,"Nanao-Ota power station, Rikuden NanaoOta thermal Power Station",Chūbu,37.066393,137.003701,1200,,2,0,0,https://www.gem.wiki/Nanao-Ota_Shinko_power_station
Japan,L100000102886,Nanyo Complex power station,東ソー 南陽事業所第2発電所,"No. 2 power station, Tosoh Nanyo Complex",Chūgoku,34.055538,131.757956,630,,4,0,0,https://www.gem.wiki/Nanyo_Complex_power_station
Japan,L100000102953,Niihama Nishi power station,住友共同電力 新居浜西発電所,,Shikoku,33.954611,133.249236,300,,3,0,0,https://www.gem.wiki/Niihama_Nishi_power_station
Japan,L100000102909,Nippon Paper Akita power station,,,Tōhoku,39.7417,140.058588,,,0,0,1,https://www.gem.wiki/Nippon_Paper_Akita_power_station
Japan,L100000102928,Nippon Steel (NSC) Kashima Works power station,日本製鉄 鹿島製鐵所,,Kantō,35.947067,140.688737,522,,1,0,0,https://www.gem.wiki/Nippon_Steel_(NSC)_Kashima_Works_power_station
Japan,L100000102942,Nippon Steel Oita Works power station,日本製鉄 九州製鐵所,"Oita Iron Works, Oita IPP power station",Kyūshū,33.269064,131.649396,330,,1,0,0,https://www.gem.wiki/Nippon_Steel_Oita_Works_power_station
Japan,L100000102950,Nobeoka power station,旭化成エヌエスエネルギー 延岡発電所,"Nobeoka Plant power station, Asahi Kasei NS Energy power station",Kyūshū,32.5733197,131.6718355,110,,2,0,0,https://www.gem.wiki/Nobeoka_power_station
Japan,L100000102910,Noshiro power station,能代発電所,Noshiro No.3 (Unit 3),Tohoku,40.191016,139.989632,1800,,3,0,0,https://www.gem.wiki/Noshiro_power_station
Japan,L100000102954,Nyugawa power station,住友共同電力 壬生川発電所,Mibugawa Rebuild power station,Shikoku,33.933984,133.115368,250,,1,0,0,https://www.gem.wiki/Nyugawa_power_station
Japan,L100000104729,Omura power station,,,Kyūshū,32.968973,129.931882,,222,0,2,0,https://www.gem.wiki/Omura_power_station
Japan,L100000104554,Onahama power station,,,Tōhoku,36.947785,140.893703,,,0,0,2,https://www.gem.wiki/Onahama_power_station
Japan,L100000102887,Osaki CoolGen Project,大崎クールジェン,Osaki Cool Gen,Chūgoku,34.25914,132.872325,166,,1,0,0,https://www.gem.wiki/Osaki_CoolGen_Project
Japan,L100000102888,Osaki power station,大崎発電所,,Chūgoku,34.259035,132.873166,,259,0,1,0,https://www.gem.wiki/Osaki_power_station
Japan,L100000102944,Reihoku power station,苓北発電所,,Kyūshū,32.485132,130.042115,1400,,2,0,0,https://www.gem.wiki/Reihoku_power_station
Japan,L100000104731,Rengo Kanazu Mill power station,レンゴー 金津工場,"Kanatsu Mill, Rengo Kanazu Mill 2-4",Fukui,36.213143,136.241349,37.8,,1,0,0,https://www.gem.wiki/Rengo_Kanazu_Mill_power_station
Japan,L100000102955,Saijo power station,西条発電所,"Saijo New No.1 (Unit 1 Replacement), Shin Saijo power station",Shikoku,33.933074,133.168575,750,156,2,1,0,https://www.gem.wiki/Saijo_power_station
Japan,L100000102969,Sakata Kyodo power station,酒田共同火力,,Tohoku,38.967373,139.832175,700,,2,0,0,https://www.gem.wiki/Sakata_Kyodo_power_station
Japan,L100000104434,Sendai Takamatsu power station,,,Tōhoku,38.268222,140.869417,,,0,0,1,https://www.gem.wiki/Sendai_Takamatsu_power_station
Japan,L100000104730,Sendai Tohoku power station,,,Tōhoku,38.317812,141.074494,,525,0,3,0,https://www.gem.wiki/Sendai_Tohoku_power_station
Japan,L100000102964,Sendai power station,仙台パワーステーション,,Tohoku,38.26812,141.009193,112,,1,0,0,https://www.gem.wiki/Sendai_power_station
Japan,L100000102956,Shikoku Tachibana-wan power station,橘湾発電所,,Shikoku,33.864231,134.654624,700,,1,0,0,https://www.gem.wiki/Shikoku_Tachibana-wan_power_station
Japan,L100000104556,Shimonoseki power station,下関発電所,,Chūgoku,34.001905,131.000986,,175,0,1,0,https://www.gem.wiki/Shimonoseki_power_station
Japan,L100000102889,Shin Onoda power station,新小野田発電所,,Chūgoku,33.969,131.163403,1000,,2,0,0,https://www.gem.wiki/Shin_Onoda_power_station
Japan,L100000102970,Shinchi power station,新地発電所,,Tohoku,37.841115,140.946169,2000,,2,0,0,https://www.gem.wiki/Shinchi_power_station
Japan,L100000102947,Shiohama Chemical New power station,MC塩浜エネルギーサービス,MC Shiohama Energy Service power station,Chūbu,34.941111,136.631985,34,,1,0,0,https://www.gem.wiki/Shiohama_Chemical_New_power_station
Japan,L100000102927,Soga power station,,,Kantō,35.605,140.123333,,,0,0,1,https://www.gem.wiki/Soga_power_station
Japan,L100000102965,Soma Coal-Biomass power station,相馬石炭・バイオマス発電所,"M.Setek Soma power station, Orix Soma power station, Soma Energy Park",Tohoku,37.831604,140.942001,112,,1,0,0,https://www.gem.wiki/Soma_Coal-Biomass_power_station
Japan,L100000104860,Soma Core power station,,,Tōhoku,37.831844,140.940642,,,0,0,1,https://www.gem.wiki/Soma_Core_power_station
Japan,L100000102972,Soma Kyodo power station,,,Tōhoku,37.875278,140.921944,,,0,0,1,https://www.gem.wiki/Soma_Kyodo_power_station
Japan,L100000102897,Summit Onahama power station,サミット小名浜エスパワー,,Tohoku,36.23,140.28,,50,0,1,0,https://www.gem.wiki/Summit_Onahama_power_station
Japan,L100000102905,Sunagawa power station,砂川発電所,,Hokkaido,43.464715,141.891161,250,,2,0,0,https://www.gem.wiki/Sunagawa_power_station
Japan,L100000102876,Suzukawa Energy Center,"鈴川エネルギーセンター株式会社, 鈴川エネルギーセンター","Fuji Mill Suzukawa, Nippon Paper Fuji power station",Chūbu,35.143303,138.714274,,112,0,1,0,https://www.gem.wiki/Suzukawa_Energy_Center
Japan,L100000104857,Taiheiyo Cement Kamiiso power station,太平洋セメント 上磯工場,,Hokkaido,41.818468,140.631701,47.6,,1,0,0,https://www.gem.wiki/Taiheiyo_Cement_Kamiiso_power_station
Japan,L100000104858,Taiheiyo Cement Saitama power station,太平洋セメント 埼玉工場,,Kantō,35.90871,139.344139,49.5,,1,0,0,https://www.gem.wiki/Taiheiyo_Cement_Saitama_power_station
Japan,L100000102918,Takasago power station,高砂発電所,"Takasago New-No.2 (New Unit 2), Takasago J-Power power station, Takasago New-No.1 (New Unit 1)",Kansai,34.754038,134.766358,500,,2,0,2,https://www.gem.wiki/Takasago_power_station
Japan,L100000102891,Takehara power station,竹原発電所,Takehara New No.1 (New Unit 1),Chūgoku,34.3373,132.9572,1300,600,2,2,0,https://www.gem.wiki/Takehara_power_station
Japan,L100000102877,Taketoyo power station,武豊発電所,"Taketoyo No.5, 武豊火力発電所",Chūbu,34.845,136.961667,1070,,1,0,0,https://www.gem.wiki/Taketoyo_power_station
Japan,L100000102945,Tobata power station,戸畑発電所,,Kyūshū,33.927769,130.84714,415.3,,3,0,0,https://www.gem.wiki/Tobata_power_station
Japan,L100000102874,Tokai Kyodo power station,東海共同発電,,Chūbu,35.027313,136.865863,149,,1,0,0,https://www.gem.wiki/Tokai_Kyodo_power_station
Japan,L100000102890,Tokuyama Central power station,徳山製造所 中央発電所,,Chūgoku,34.043957,131.797384,372,35,3,1,0,https://www.gem.wiki/Tokuyama_Central_power_station
Japan,L100000104538,Tokuyama East power station,徳山製造所 東発電所,"Tokuyama Higashi Power Station, Tokuyama East Power Generation, Tokuyama East Power Generation No. 3 (Unit 3), Shunan Biomass, Marubeni Tokuyama Steam Plant (Cogen)",Chūgoku,34.03653,131.79395,445,,2,0,0,https://www.gem.wiki/Tokuyama_East_power_station
Japan,L100000102907,Tomatouatsuma power station,苫東厚真発電所,,Hokkaido,42.60762,141.80843,1650,85,3,1,0,https://www.gem.wiki/Tomatouatsuma_power_station
Japan,L100000102931,Tosa Works power station,,Erex New Energy Tosa power station,Shikoku,33.433333,133.433333,,30.9,0,1,0,https://www.gem.wiki/Tosa_Works_power_station
Japan,L100000102957,Tosa power station,土佐発電所,Taiheyo Cement Power Plant No. 3,Shikoku,33.534087,133.557483,,167,0,1,0,https://www.gem.wiki/Tosa_power_station
Japan,L100000102878,Toyama Shinko power station,富山新港発電所,,Chūbu,36.76566,137.128677,500,,2,0,0,https://www.gem.wiki/Toyama_Shinko_power_station
Japan,L100000104557,Toyohashi Akemi power station,豊橋発電所,,Chūbu,34.72307846,137.3166039,,147,0,1,1,https://www.gem.wiki/Toyohashi_Akemi_power_station
Japan,L100000102879,Tsuruga power station,敦賀発電所,Tsuruga Hokuriku power station,Chūbu,35.6724,136.08154,1200,,2,0,0,https://www.gem.wiki/Tsuruga_power_station
Japan,L100000104624,UBE Industries Isa Factory power station,宇部興産 伊佐セメント工場,,Chūgoku,34.169227,131.202728,57,,1,0,0,https://www.gem.wiki/UBE_Industries_Isa_Factory_power_station
Japan,L100000104623,UBE Industries power station,宇部興産発電所,,Chūgoku,33.949494,131.233604,145,,1,0,0,https://www.gem.wiki/UBE_Industries_power_station
Japan,L100000105019,UBE Power Center power station,ユービーイーパワーセンター発電所,UBE Power Center,Chūgoku,33.948907,131.232574,216,,1,0,0,https://www.gem.wiki/UBE_Power_Center_power_station
Japan,L100000102892,Ube power station,,,Chūgoku,33.95,131.25,,,0,0,2,https://www.gem.wiki/Ube_power_station
Japan,L100000102932,Yatsushiro Mill power station,日本製紙 八代工場,,Kyūshū,32.5058011,130.6199833,75,,1,0,0,https://www.gem.wiki/Yatsushiro_Mill_power_station
Japan,L100000102919,Yokkaichi power station,,,Chūbu,34.966667,136.616667,,,0,0,1,https://www.gem.wiki/Yokkaichi_power_station
Japan,L100000102929,Yokosuka power station,横須賀発電所,,Kantō,35.215556,139.716389,1300,,2,0,0,https://www.gem.wiki/Yokosuka_power_station
Kosovo,L100000103001,Istok power station,,,Pec,42.783333,20.483333,,,0,0,1,https://www.gem.wiki/Istok_power_station
Kosovo,L100000102999,Kosovo A power station,,Kosovo power station,Kosovo,42.676454,21.085922,610,190,3,2,0,https://www.gem.wiki/Kosovo_A_power_station
Kosovo,L100000103000,Kosovo B power station,,Kosovo power station,Kosovo,42.69312,21.056002,715,,2,0,0,https://www.gem.wiki/Kosovo_B_power_station
Kosovo,L100000103002,Kosovo C power station,,,Pristina,42.666667,21.166667,,,0,0,1,https://www.gem.wiki/Kosovo_C_power_station
Moldova,L100000103032,Kuchurgan power station,Молдавская ГРЭС,"Moldavskaya power station, Cuciurgani-Moldavskaya GRES (MGRES)",Transnistria,46.629027,29.939714,,1400,0,7,0,https://www.gem.wiki/Kuchurgan_power_station
Netherlands,L100000103090,Amer power station,,,Noord-Brabant,51.709806,4.843661,,1301,0,2,0,https://www.gem.wiki/Amer_power_station
Netherlands,L100000103092,Borssele power station,,,Zeeland,51.433188,3.716023,,441,0,1,0,https://www.gem.wiki/Borssele_power_station
Netherlands,L100000103088,Eemshaven power station,,,Groningen,53.435502,6.879276,1600,,2,0,0,https://www.gem.wiki/Eemshaven_power_station
Netherlands,L100000400533,Hemweg power station,,,Noord-Holland,52.4049,4.8465,,685,0,1,0,https://www.gem.wiki/Hemweg_power_station
Netherlands,L100000103095,Maasvlakte Power Station (Riverstone Holdings),,"Missouriweg 1, Maasvlakte GDF",South Holland,51.943944,4.071733,800,,1,0,0,https://www.gem.wiki/Maasvlakte_Power_Station_(Riverstone_Holdings)
Netherlands,L100000103093,Maasvlakte Power Station (Uniper),,"Rotterdam Carbon Storage and Demonstration Project (Unit 3), MPP3 (Unit 3), Maasvlakte E.ON/Uniper (Unit 3)",South Holland,51.958734,4.027208,1100,1206,1,2,0,https://www.gem.wiki/Maasvlakte_Power_Station_(Uniper)
Netherlands,L100000103089,Magnum IGCC Power Station,,,Groningen,53.447939,6.853228,,,0,0,1,https://www.gem.wiki/Magnum_IGCC_Power_Station
Netherlands,L100000103087,Nijmegen power station,,"Gelderlandpower station, Industriepark Waal Energie",Gelderland,51.855951,5.828796,,632,0,1,0,https://www.gem.wiki/Gelderland_power_station
Poland,L100000103275,Adamow power station,,,Wielkopolskie,52.012307,18.546212,,600,0,5,0,https://www.gem.wiki/Adamow_power_station
Poland,L100000103250,Bedzin power station,,,Śląskie,50.303889,19.137778,81.5,,1,0,0,https://www.gem.wiki/Bedzin_power_station
Poland,L100000103216,Belchatow power station,,,Lodzkie,51.266389,19.330556,5030,370,12,1,1,https://www.gem.wiki/Belchatow_power_station
Poland,L100000103244,Bialystok power station,,Elektrociepłownia Białystok,Podlaskie,53.147965,23.169649,110,65,2,1,0,https://www.gem.wiki/Bialystok_power_station
Poland,L100000103255,Bielsko-Biala power station,,Bielsko-Polnoc power station,Śląskie,49.811696,19.052943,105,61,2,1,0,https://www.gem.wiki/Bielsko-Biala_power_station
Poland,L100000103239,Blachownia power station,,,Śląskie,50.783333,18.966667,,165,0,3,1,https://www.gem.wiki/Blachownia_power_station
Poland,L100000103212,Bydgoszcz power station,,Elektrociepłowni Bydgoszcz II,Kujawsko-Pomorskie,53.09918,18.0889,105,122,2,3,0,https://www.gem.wiki/Bydgoszcz_power_station
Poland,L100000103257,Chorzow Elcho power station,,,Śląskie,50.307464,18.969459,226,,2,0,0,https://www.gem.wiki/Chorzow_Elcho_power_station
Poland,L100000103258,Czeczott power station,,,Śląskie,49.966667,18.95,,,0,0,1,https://www.gem.wiki/Czeczott_power_station
Poland,L100000103251,Czestochowa CHP power station,,Elektrociepłownia Częstochowa,Śląskie,50.79440637,19.14242048,64,,1,0,0,https://www.gem.wiki/Czestochowa_CHP_power_station
Poland,L100000103278,Dolna Odra power station,,PGE Gryfino Dolna Odra,Zachodniopomorskie,53.20778,14.46722,464,1328,2,6,0,https://www.gem.wiki/Dolna_Odra_power_station
Poland,L100000103245,Gdansk-2 power station,,,Pomorskie,54.378201,18.641284,217.8,,4,0,0,https://www.gem.wiki/Gdansk-2_power_station
Poland,L100000103246,Gdynia-3 power station,,"Wybrzeze, Gdynia",Pomorskie,54.553355,18.480791,52.6,52.6,1,1,0,https://www.gem.wiki/Gdynia-3_power_station
Poland,L100000103252,Gliwice Works power station,,,Śląskie,50.317682,18.626547,32,,1,0,0,https://www.gem.wiki/Gliwice_Works_power_station
Poland,L100000103226,Gorzow power station,,Gorzów,Lubuskie,52.7504,15.2712,32,30,1,1,0,https://www.gem.wiki/Gorzow_power_station
Poland,L100000103227,Gubin Power Project,,,Lubuskie,51.948982,14.728458,,,0,0,1,https://www.gem.wiki/Gubin_Power_Project
Poland,L100000103259,Halemba power station,,,Śląskie,50.2325,18.851944,,200,0,4,1,https://www.gem.wiki/Halemba_power_station
Poland,L100000103261,Jaworzno power station,,"Jaworzno-3 power station (Phase 3 Unit 1, Phase 3 Unit 2, Phase 3 Unit 3, Phase 3 Unit 4, Phase 3 Unit 5, Phase 3 Unit 6, Phase 3 Unit 7), Jaworzno-2 power station (Phase 2 Unit 1, Phase 2 Unit 2, Phase 2 Unit 3)",Śląskie,50.213351,19.22806,2395,60,9,1,0,https://www.gem.wiki/Jaworzno_power_station
Poland,L100000103263,Katowice PKE power station,,,Śląskie,50.28568,19.05438,135,,1,0,0,https://www.gem.wiki/Katowice_PKE_power_station
Poland,L100000103240,Kedzierzyn CCS Project,,,Opolskie,50.34988,18.226184,,,0,0,1,https://www.gem.wiki/Kedzierzyn_CCS_Project
Poland,L100000103276,Konin power station,,Elektrownia Parowa Konin,Wielkopolskie,52.283657,18.269475,,165,0,3,0,https://www.gem.wiki/Konin_power_station
Poland,L100000103233,Kozienice power station,,,Masovian,51.58293,21.54779,3994,,11,0,1,https://www.gem.wiki/Kozienice_power_station
Poland,L100000103229,Krakow-Leg power station,,,Małopolskie,50.054021,20.006018,350,110,3,1,0,https://www.gem.wiki/Krakow-Leg_power_station
Poland,L100000103264,Lagisza power station,,,Śląskie,50.35016,19.14351,460,720,1,6,0,https://www.gem.wiki/Lagisza_power_station
Poland,L100000103265,Laziska power station,,,Śląskie,50.134526,18.844352,905,250,4,2,0,https://www.gem.wiki/Laziska_power_station
Poland,L100000103221,Leczna Power Station (Bogdanka SA),,,Lubelskie,51.3009,22.88211,,,0,0,1,https://www.gem.wiki/Leczna_Power_Station_(Bogdanka_SA)
Poland,L100000104406,Leczna Power Station (Enea),,,Lubelskie,51.3,22.883333,,,0,0,1,https://www.gem.wiki/Leczna_Power_Station_(Enea)
Poland,L100000103207,Legnica Power Station,,,Dolnośląskie,51.207007,16.155323,,,0,0,1,https://www.gem.wiki/Legnica_Power_Station
Poland,L100000103217,Lodz-2 power station,,,Lodzkie,51.742023,19.448746,,87,0,1,0,https://www.gem.wiki/Lodz-2_power_station
Poland,L100000103218,Lodz-3 power station,,,Lodzkie,51.798357,19.420734,198,,4,0,0,https://www.gem.wiki/Lodz-3_power_station
Poland,L100000103219,Lodz-4 power station,,,Łódzkie,51.74564,19.53963,215,,3,0,0,https://www.gem.wiki/Lodz-4_power_station
Poland,L100000103222,Lublin Power Station,,,Lubelskie,51.209986,22.554122,,,0,0,2,https://www.gem.wiki/Lublin_Power_Station
Poland,L100000103266,Miechowice power station,,,Śląskie,50.349073,18.841853,,110,0,2,0,https://www.gem.wiki/Miechowice_power_station
Poland,L100000105031,Murcki-Staszic power station,,,Silesia,50.180556,19.007222,,,0,0,1,https://www.gem.wiki/Murcki-Staszic_power_station
Poland,L100000103247,Opalenie power station,,,Pomorskie,53.742222,18.823056,,,0,0,2,https://www.gem.wiki/Opalenie_power_station
Poland,L100000103242,Opole power station,,,Opolskie,50.75182,17.88196,3332,,6,0,0,https://www.gem.wiki/Opole_power_station
Poland,L100000103234,Ostrołęka power station,,,Masovian,53.103611,21.6125,681.1,,4,0,1,https://www.gem.wiki/Ostrołęka_power_station
Poland,L100000103220,Patnow power station,,Patnow 9 (Unit II-1),Wielkopolskie,52.302,18.237,474,1244,1,6,0,https://www.gem.wiki/Patnow_power_station
Poland,L100000103267,Piast Ruch Power Station,,,Śląskie,50.016287,19.096709,,,0,0,1,https://www.gem.wiki/Piast_Ruch_Power_Station
Poland,L100000103272,Polaniec power station,,"Parowa Kogeneracja Polaniec, Zawada, Tursko Małe",Świętokrzyskie,50.437685,21.33769,1657,225,7,1,0,https://www.gem.wiki/Polaniec_power_station
Poland,L100000103279,Pomorzany power station,,,Zachodnio-Pomorskie,53.390996,14.524786,134,,2,0,0,https://www.gem.wiki/Pomorzany_power_station
Poland,L100000103277,Poznan Karolin power station,,,Wielkopolskie,52.436416,16.988658,313,,3,0,0,https://www.gem.wiki/Poznan_Karolin_power_station
Poland,L100000103223,Puchaczow power station,,,Lubelskie,51.3,22.966667,,,0,0,1,https://www.gem.wiki/Puchaczow_power_station
Poland,L100000103228,Pulawy ZAP Works power station,,,Lubuskie,51.457211,21.973811,92,,3,0,0,https://www.gem.wiki/Pulawy_ZAP_Works_power_station
Poland,L100000103224,Pulawy power station (Grupa Azoty),,,Lubelskie,51.416443,21.969309,,,0,0,1,https://www.gem.wiki/Pulawy_power_station_(Grupa_Azoty)
Poland,L100000103225,Pulawy power station (Vattenfall),,,Lubelskie,51.416443,21.969309,,,0,0,1,https://www.gem.wiki/Pulawy_power_station_(Vattenfall)
Poland,L100000103248,Pólnoc power station,,,Pomorskie,53.962892,18.711758,,,0,0,2,https://www.gem.wiki/P%C3%B3lnoc_power_station
Poland,L100000103268,Rybnik power station,,,Slaskie,50.13406,18.52196,875,900,4,4,1,https://www.gem.wiki/Rybnik_power_station
Poland,L100000103208,Siechnice power station,,"Czechnica, Czechnica-2",Dolnośląskie,51.03794,17.15095,,132,0,3,0,https://www.gem.wiki/Siechnice_power_station
Poland,L100000103235,Siekierki power station,,Gassy-Siekierki Power Plant,,52.191456,21.086218,591,,5,0,1,https://www.gem.wiki/Siekierki_power_station
Poland,L100000103230,Siersza power station,,,Małopolskie,50.208043,19.460943,306,491,2,4,1,https://www.gem.wiki/Siersza_power_station
Poland,L100000103231,Skawina power station,,,Małopolskie,49.977425,19.805132,330,210,3,3,0,https://www.gem.wiki/Skawina_power_station
Poland,L100000103243,Stalowa Wola power station,,,Podkarpackie,50.55386,22.0791,,350,0,4,0,https://www.gem.wiki/Stalowa_Wola_power_station
Poland,L100000103213,Swiecie Pulp Mill power station,,,Kujawsko-Pomorskie,53.393629,18.374224,113,,3,0,0,https://www.gem.wiki/Swiecie_Pulp_Mill_power_station
Poland,L100000103274,Szczecin power station,,Elektrownia Szczecin ST (Kogen),West Pomerania,53.411271,14.585981,69,72,1,1,0,https://www.gem.wiki/Szczecin_power_station
Poland,L100000103210,Turów power station,,Turów power station Unit 11 (Unit 7R),Dolnośląskie,50.947717,14.91171,1948,806,7,4,0,https://www.gem.wiki/Tur%C3%B3w_power_station
Poland,L100000103253,Tychy power station,,Elektrownia Tychy ST (Kogen),Śląskie,50.106,19.014,65,40,1,1,0,https://www.gem.wiki/Tychy_power_station
Poland,L100000103211,Wroclaw power station,,,Dolnośląskie,51.123715,17.02457,263,,3,0,0,https://www.gem.wiki/Wroclaw_power_station
Poland,L100000103271,ZW Nowa power station,,,Śląskie,50.347756,19.278159,105,,2,0,0,https://www.gem.wiki/ZW_Nowa_power_station
Poland,L100000103270,Zabrze power station,,,Śląskie,50.324928,18.785719,75,33,1,1,0,https://www.gem.wiki/Zabrze_power_station
Poland,L100000103249,Zarnowiec power station,,,Pomorskie,54.787416,18.085672,,,0,0,1,https://www.gem.wiki/Zarnowiec_power_station
Poland,L100000103236,Zeran power station,,Żerań,Mazowieckie,52.2947,20.99334,586,,3,0,0,https://www.gem.wiki/Zeran_power_station
Poland,L100000103237,Zofiowka Mine power station,,"EC Zofiówka, Zofiówka CHP Plant, Jastrzębie-Zdrój Plant",Slaskie,49.964162,18.626794,81,64,1,2,0,https://www.gem.wiki/Zofiowka_Mine_power_station
Serbia,L100000103405,Despotovac power station,,,Pomoravlje,44.05,21.26,,,0,0,1,https://www.gem.wiki/Despotovac_power_station
Serbia,L100000103402,Kolubara A power station,,,Beograd,44.480312,20.293538,239,32,4,1,0,https://www.gem.wiki/Kolubara_A_power_station
Serbia,L100000103407,Kolubara B power station,,,Veliki Crljeni,44.4675,20.28444,,,0,0,2,https://www.gem.wiki/Kolubara_B_power_station
Serbia,L100000103404,Kostolac power station,,,Braničevo,44.723674,21.171605,1360,,5,0,0,https://www.gem.wiki/Kostolac_power_station
Serbia,L100000103408,Kovin power station,,,Vojvodina,44.75,20.966667,,,0,0,2,https://www.gem.wiki/Kovin_power_station
Serbia,L100000103406,Morava power station,,,Pomoravlje,44.223826,21.163148,120,,1,0,0,https://www.gem.wiki/Morava_power_station
Serbia,L100000103403,Nikola Tesla power station,,"TENT B4 (Phase B Unit 4), TENT B3 (Phase B Unit 3)",Beograd,44.671341,20.158418,3066,,8,0,2,https://www.gem.wiki/Nikola_Tesla_power_station
Serbia,L100000103409,Štavalj Power Station,,,Zlatibor,43.27305,19.99944,,,0,0,1,https://www.gem.wiki/%C5%A0tavalj_Power_Station
Slovakia,L100000103411,Kosice power station,,Teko power station,Košice,48.698047,21.271726,66,55,1,1,0,https://www.gem.wiki/Kosice_power_station
Slovakia,L100000103416,Martinska power station,,,Zilina,49.059218,18.907019,,32,0,1,0,https://www.gem.wiki/Martinska_power_station
Slovakia,L100000103415,Novaky power station,,Novaky ENO,Trenčín,48.698823,18.533458,,472,0,5,0,https://www.gem.wiki/Novaky_power_station
Slovakia,L100000103417,Trebisov power station,,,Košice,48.627778,21.717222,,,0,0,1,https://www.gem.wiki/Trebisov_power_station
Slovakia,L100000103412,U.S. Steel Kosice Works power station,,,Košice,48.615945,21.194562,208,,1,0,0,https://www.gem.wiki/U.S._Steel_Kosice_Works_power_station
Slovakia,L100000103410,Vojany I power station,,Vojany EVO,Košice,48.5525,21.972625,,660,0,6,0,https://www.gem.wiki/Vojany_I_power_station
Slovenia,L100000400641,Sostanj power station,,Šoštanj power station,Šoštanj,46.3723,15.0534,945,410,2,4,0,https://www.gem.wiki/Sostanj_power_station
Slovenia,L100000400643,Te-Tol power station,,Ljubljana CHP power station,Ljubljana,46.05796,14.54513,124,,3,0,0,https://www.gem.wiki/Te-Tol_power_station
Slovenia,L100000103420,Trbovlje power station,,,Zasavska,46.126132,15.061808,,125,0,1,0,https://www.gem.wiki/Trbovlje_power_station
Spain,L100000103499,Aboño power station,,,Asturias,43.553557,-5.721851,,916.2,0,2,0,https://www.gem.wiki/Abo%C3%B1o_power_station
Spain,L100000103515,Alcúdia power station,Es Murterar,,Mallorca,39.810751,3.091411,260,250,2,2,0,https://www.gem.wiki/Alcúdia_power_station
Spain,L100000103506,Anllares power station,,,Castilla y León,42.839264,-6.533279,,365,0,1,0,https://www.gem.wiki/Anllares_power_station
Spain,L100000103513,As Pontes power station,,"Puentes, A Coruna",Galicia,43.441395,-7.862578,,1468.5,0,4,0,https://www.gem.wiki/As_Pontes_power_station
Spain,L100000103493,Bahia de Algeciras power station,,,Andalusia,36.184,-5.388,,753,0,2,0,https://www.gem.wiki/Bahia_de_Algeciras_power_station
Spain,L100000103517,Cercs power station,,,Catalonia,42.175702,1.856814,,160,0,1,0,https://www.gem.wiki/Cercs_power_station
Spain,L100000103507,Compostilla power station,,,Castilla y León,42.612178,-6.564551,,1340.6,0,5,0,https://www.gem.wiki/Compostilla_power_station
Spain,L100000400680,Escatrón 3 power station,,Escatron Power Station,Zaragoza,41.2971,-0.3399,,80,0,1,0,https://www.gem.wiki/Escatr%C3%B3n_3_power_station
Spain,L100000103497,Escucha power station,,,Aragón,40.794493,-0.81563,,160,0,1,0,https://www.gem.wiki/Escucha_power_station
Spain,L100000103500,La Pereda Hunosa power station,,,Asturias,43.2726514,-5.808151,,50,0,1,0,https://www.gem.wiki/La_Pereda_Hunosa_power_station
Spain,L100000103508,La Robla Fenosa power station,,,Castilla y León,42.791992,-5.634922,,655,0,2,0,https://www.gem.wiki/La_Robla_Fenosa_power_station
Spain,L100000103501,Lada power station,,,Asturias,43.296361,-5.682542,,563,0,3,0,https://www.gem.wiki/Lada_power_station
Spain,L100000103494,Litoral de Almería power station,,Carboneras power station,Andalusia,36.978378,-1.904999,,1159,0,2,0,https://www.gem.wiki/Litoral_de_Almería_power_station
Spain,L100000103495,Los Barrios power station,,,Andalusia,36.1828,-5.42,,589,0,1,1,https://www.gem.wiki/Los_Barrios_power_station
Spain,L100000103514,Meirama power station,,,Galicia,43.16744,-8.411278,,580,0,1,0,https://www.gem.wiki/Meirama_power_station
Spain,L100000103502,Narcea power station,,,Asturias,43.292257,-6.393271,,595,0,3,0,https://www.gem.wiki/Narcea_power_station
Spain,L100000103512,Pasajes power station,,,Gipuzkoa,43.323511,-1.910771,,214,0,1,0,https://www.gem.wiki/Pasajes_power_station
Spain,L100000103496,Puente Nuevo power station,,,Andalusia,38.110168,-4.935077,,400,0,3,0,https://www.gem.wiki/Puente_Nuevo_power_station
Spain,L100000103511,Puertollano IGCC power station,,,Ciudad Real,38.659,-3.9806,,317.7,0,1,0,https://www.gem.wiki/Puertollano_IGCC_power_station
Spain,L100000103510,Puertollano power station,,,Ciudad Real,38.6505,-4.1218,,590,0,1,0,https://www.gem.wiki/Puertollano_power_station
Spain,L100000103503,Soto de Ribera power station,,,Asturias,43.311717,-5.874,,672,0,3,0,https://www.gem.wiki/Soto_de_Ribera_power_station
Spain,L100000103498,Teruel power station,,Andorra power station,Aragón,40.997221,-0.380688,,1102,0,3,0,https://www.gem.wiki/Teruel_power_station
Spain,L100000103505,Torrelavega Mill power station,,Cogecan power station,Cantabria,43.35981,-4.056816,,37,0,1,0,https://www.gem.wiki/Torrelavega_Mill_power_station
Spain,L100000103509,Velilla del Río Carrión power station,,,Castilla y León,42.818529,-4.8547,,515.6,0,2,0,https://www.gem.wiki/Velilla_del_Río_Carrión_power_station
United States,L100000103878,A. B. Brown power station,,A.B. Brown Generating Station,Indiana,37.910539,-87.923058,,530.4,0,2,0,https://www.gem.wiki/A._B._Brown_power_station
United States,L100000103798,ACE Cogeneration Facility,,Ace Cogen power station,California,35.765543,-117.378214,,116,0,1,0,https://www.gem.wiki/ACE_Cogeneration_Facility
United States,L100000104063,AES Greenidge power station,,Greenidge Generating Station,New York,42.679135,-76.948604,,165,0,2,0,https://www.gem.wiki/AES_Greenidge_power_station
United States,L100000103851,AES Hawaii Generation Plant,,"West Oahu Plant, Hawaii Generation Plant",Hawaii,21.303111,-158.10805,,203,0,1,0,https://www.gem.wiki/AES_Hawaii_Generation_Plant
United States,L100000104676,AES Hickling power station,,,New York,42.122556,-76.982417,,86.5,0,2,0,https://www.gem.wiki/AES_Hickling_power_station
United States,L100000104677,AES Jennison power station,,,New York,42.276861,-75.479222,,75,0,2,0,https://www.gem.wiki/AES_Jennison_power_station
United States,L100000104168,AES Puerto Rico power station,,,Puerto Rico,17.945558,-66.14944,510,,2,0,0,https://www.gem.wiki/AES_Puerto_Rico_power_station
United States,L100000103816,AES Thames Generation Plant,,,Connecticut,41.434694,-72.097417,,213.9,0,1,0,https://www.gem.wiki/AES_Thames_Generation_Plant
United States,L100000103960,AES Warrior Run Generation Plant,,,Maryland,39.595591,-78.745402,,229,0,1,0,https://www.gem.wiki/AES_Warrior_Run_Generation_Plant
United States,L100000104065,AES Westover power station,,AES Westover Generation Plant,New York,42.1117,-75.9747,,118.8,0,2,0,https://www.gem.wiki/AES_Westover_power_station
United States,L100000104248,Albright power station,,,West Virginia,39.486694,-79.637389,,278.3,0,3,0,https://www.gem.wiki/Albright_power_station
United States,L100000104184,Allen Fossil Plant,,"Allen Combined Cycle Plant, TH Allen power station, Allen Combustion Turbine peaker project, Allen Combustion Turbine Plant",Tennessee,35.074087,-90.14868,,990,0,3,0,https://www.gem.wiki/Allen_Fossil_Plant
United States,L100000103996,Allen S. King Generating Plant,,,Minnesota,45.032414,-92.778776,598.4,,1,0,0,https://www.gem.wiki/Allen_S._King_Generating_Plant
United States,L100000104266,Alma Station,,,Wisconsin,44.302335,-91.912644,,136,0,2,0,https://www.gem.wiki/Alma_Station
United States,L100000104229,Altavista Power Station,,,Virginia,37.118481,-79.273027,,71,0,1,0,https://www.gem.wiki/Altavista_Power_Station
United States,L100000103902,Ames Municipal Power Plant,,Ames (Ia) power station,Iowa,42.025383,-93.607897,,108.8,0,2,0,https://www.gem.wiki/Ames_Municipal_Power_Plant
United States,L100000104249,Amos Plant,,John E Amos power station,West Virginia,38.473717,-81.824919,2932.6000000000004,,3,0,0,https://www.gem.wiki/Amos_Plant
United States,L100000104089,Antelope Valley Station,,,North Dakota,47.370558,-101.835772,869.8,,2,0,0,https://www.gem.wiki/Antelope_Valley_Station
United States,L100000103787,Apache Generating Station,,,Arizona,32.061875,-109.894686,204,204,1,1,0,https://www.gem.wiki/Apache_Generating_Station
United States,L100000103804,Arapahoe Station,,,Colorado,39.670094,-105.003278,,240.5,0,4,0,https://www.gem.wiki/Arapahoe_Station
United States,L100000103903,Archer Daniels Midland Cedar Rapids Power Plant,,,Iowa,41.924733,-91.686397,256.1,,6,0,0,https://www.gem.wiki/Archer_Daniels_Midland_Cedar_Rapids_Power_Plant
United States,L100000103904,Archer Daniels Midland Clinton Power Plant,,Clinton ADM New power station,Iowa,41.820939,-90.209494,180,,2,0,0,https://www.gem.wiki/Archer_Daniels_Midland_Clinton_Power_Plant
United States,L100000103852,Archer Daniels Midland Decatur Power Plant,,,Illinois,39.870008,-88.890964,335,,7,0,0,https://www.gem.wiki/Archer_Daniels_Midland_Decatur_Power_Plant
United States,L100000104678,Arkwright power station,,,Georgia,32.925024,-83.709956,,181.3,0,4,0,https://www.gem.wiki/Arkwright_power_station
United States,L100000104129,Armstrong power station,,,Pennsylvania,40.929425,-79.467108,,326.4,0,2,0,https://www.gem.wiki/Armstrong_power_station
United States,L100000104013,Asbury Generating Station,,,Missouri,37.361319,-94.588667,,212.8,0,1,0,https://www.gem.wiki/Asbury_Generating_Station
United States,L100000104071,Asheville Plant,,,North Carolina,35.470592,-82.543506,,413.6,0,2,0,https://www.gem.wiki/Asheville_Plant
United States,L100000104098,Ashtabula power station,,,Ohio,41.909208,-80.769817,,440,0,5,0,https://www.gem.wiki/Ashtabula_power_station
United States,L100000104099,Avon Lake power station,,Avon Lake Power Plant,Ohio,41.504475,-82.054772,,766,0,2,0,https://www.gem.wiki/Avon_Lake_power_station
United States,L100000103879,Bailly Generating Station,,,Indiana,41.644011,-87.123003,,603,0,2,0,https://www.gem.wiki/Bailly_Generating_Station
United States,L100000103853,Baldwin Energy Station,,,Illinois,38.204531,-89.855978,1259.6,634.5,2,1,0,https://www.gem.wiki/Baldwin_Energy_Station
United States,L100000103776,Barry Steam Plant,,,Alabama,31.006553,-88.008753,788.8,981.9000000000001,1,4,0,https://www.gem.wiki/Barry_Steam_Plant
United States,L100000104100,Bay Shore Plant,,,Ohio,41.6917,-83.4378,,639.4,0,4,0,https://www.gem.wiki/Bay_Shore_Plant
United States,L100000104679,Bayside Gannon power station,,,Florida,27.9072,-82.4231,,1301.9,0,6,0,https://www.gem.wiki/Bayside_Gannon_power_station
United States,L100000104130,Beaver Valley Generation Plant,,AES Beaver Valley power station,Pennsylvania,40.6675,-80.3463,,149,0,2,0,https://www.gem.wiki/Beaver_Valley_Generation_Plant
United States,L100000104101,Beckjord Generating Station,,Walter C. Beckjord Generating Station,Ohio,38.991158,-84.298206,,1221.3,0,6,0,https://www.gem.wiki/Beckjord_Generating_Station
United States,L100000104131,Beech Hollow Energy Project,,,Pennsylvania,40.462401,-80.126645,,,0,0,1,https://www.gem.wiki/Beech_Hollow_Energy_Project
United States,L100000104072,Belews Creek Steam Station,,,North Carolina,36.2825,-80.058547,2160,,2,0,0,https://www.gem.wiki/Belews_Creek_Steam_Station
United States,L100000103929,Bell power station,,,Kentucky,36.75689,-83.697696,,,0,0,1,https://www.gem.wiki/Bell_power_station
United States,L100000103973,Belle River Power Plant,,,Michigan,42.775292,-82.494311,1395,,2,0,0,https://www.gem.wiki/Belle_River_Power_Plant
United States,L100000103836,Ben Hill Plant,,,Georgia,31.72206,-83.24966,,,0,0,1,https://www.gem.wiki/Ben_Hill_Plant
United States,L100000103820,Big Bend Station,,,Florida,27.794344,-82.403206,486,1336.5,1,3,0,https://www.gem.wiki/Big_Bend_Station
United States,L100000104192,Big Brown Steam Electric Station,,,Texas,31.820589,-96.055167,,1186.8,0,2,0,https://www.gem.wiki/Big_Brown_Steam_Electric_Station
United States,L100000103954,Big Cajun I,,,Louisiana,30.693402,-91.452029,,,0,0,1,https://www.gem.wiki/Big_Cajun_I
United States,L100000103955,Big Cajun II Power Plant,,,Louisiana,30.728097,-91.369775,619,1283.9,1,2,0,https://www.gem.wiki/Big_Cajun_II_Power_Plant
United States,L100000103930,Big Sandy Plant,,,Kentucky,38.171133,-82.618458,,1096.8,0,2,0,https://www.gem.wiki/Big_Sandy_Plant
United States,L100000104183,Big Stone Power Plant,,,South Dakota,45.304611,-96.511033,456,,1,0,0,https://www.gem.wiki/Big_Stone_Power_Plant
United States,L100000104230,Birchwood Power Facility,,,Virginia,38.266442,-77.314014,,258,0,1,0,https://www.gem.wiki/Birchwood_Power_Facility
United States,L100000103997,Black Dog Generating Station,,,Minnesota,44.810697,-93.249092,,357.79999999999995,0,3,0,https://www.gem.wiki/Black_Dog_Generating_Station
United States,L100000104066,Black River Generating Facility,,ReEnergy Black River Generation Facility,New York,44.036717,-75.771528,,55.5,0,1,0,https://www.gem.wiki/Black_River_Generating_Facility
United States,L100000103931,Black Stallion Energy Center,,,Kentucky,37.515025,-83.26432,,,0,0,1,https://www.gem.wiki/Black_Stallion_Energy_Center
United States,L100000104267,Blount Street Station,,,Wisconsin,43.079155,-89.375273,,135,0,3,0,https://www.gem.wiki/Blount_Street_Station
United States,L100000104014,Blue Valley Power Plant,,,Missouri,39.092682,-94.324775,,65,0,1,0,https://www.gem.wiki/Blue_Valley_Power_Plant
United States,L100000104128,Boardman Plant,,,Oregon,45.693597,-119.805792,,642.2,0,1,0,https://www.gem.wiki/Boardman_Plant
United States,L100000104220,Bonanza power station,,,Utah,40.4542765,-109.5356416,499.5,,1,0,1,https://www.gem.wiki/Bonanza_power_station
United States,L100000103998,Boswell Energy Center,,Clay Boswell Plant,Minnesota,47.262089,-93.652997,922.5,150,2,2,0,https://www.gem.wiki/Boswell_Energy_Center
United States,L100000103957,Brame Energy power station,,"Rodemacher power station, Madison 3; Rodemacher 2",Louisiana,31.3975528,-92.7189806,1262,,2,0,0,https://www.gem.wiki/Brame_Energy_power_station
United States,L100000103961,Brandon Shores Generating Station,,,Maryland,39.179833,-76.53633,1370,,2,0,0,https://www.gem.wiki/Brandon_Shores_Generating_Station
United States,L100000103969,Brayton Point power station,,,Massachusetts,41.7115,-71.192847,,1124.6,0,3,0,https://www.gem.wiki/Brayton_Point_power_station
United States,L100000104231,Bremo Bluff Power Station,,,Virginia,37.705278,-78.289444,,254,0,2,0,https://www.gem.wiki/Bremo_Bluff_Power_Station
United States,L100000103817,Bridgeport Harbor Station,,,Connecticut,41.170703,-73.1842,,400,0,1,0,https://www.gem.wiki/Bridgeport_Harbor_Station
United States,L100000104132,Bruce Mansfield power station,,Shippingport power station,Pennsylvania,40.633581,-80.415581,,2741.1000000000004,0,3,0,https://www.gem.wiki/Bruce_Mansfield_power_station
United States,L100000104133,Brunner Island power station,,,Pennsylvania,40.095461,-76.696306,1558.7,,3,0,0,https://www.gem.wiki/Brunner_Island_power_station
United States,L100000104073,Buck Steam Station,,Buck Energy Complex,North Carolina,35.7133,-80.3767,,370,0,4,0,https://www.gem.wiki/Buck_Steam_Station
United States,L100000104185,Bull Run Fossil Plant,,,Tennessee,36.021069,-84.156478,,950,0,1,0,https://www.gem.wiki/Bull_Run_Fossil_Plant
United States,L100000104102,Burger Plant,,RE Burger power station,Ohio,39.909097,-80.761364,,415.79999999999995,0,3,0,https://www.gem.wiki/Burger_Plant
United States,L100000103905,Burlington Generating Station,,,Iowa,40.7412,-91.11667,,212,0,1,0,https://www.gem.wiki/Burlington_Generating_Station
United States,L100000103821,C.D. McIntosh power station,,"Reciprocal Engine Plant, RICE (Reciprocating Internal Combustion Engine) plant",Florida,28.080244,-81.922608,,363.8,0,1,0,https://www.gem.wiki/C.D._McIntosh_power_station
United States,L100000104600,Cambria Cogeneration Facility,,,Pennsylvania,40.473611,-78.70138,,98,0,1,0,https://www.gem.wiki/Cambria_Cogeneration_Facility
United States,L100000103805,Cameo Station,,,Colorado,39.148975,-108.318069,,50,0,1,0,https://www.gem.wiki/Cameo_Station
United States,L100000103974,Campbell Generating Plant,,JH Campbell power station,Michigan,42.910296,-86.20074,1540,,3,0,0,https://www.gem.wiki/Campbell_Generating_Plant
United States,L100000104169,Canadys Station,,,South Carolina,33.064981,-80.622758,,489.6,0,3,0,https://www.gem.wiki/Canadys_Station
United States,L100000103932,Cane Run Station,,,Kentucky,38.183275,-85.888811,,644.6,0,3,0,https://www.gem.wiki/Cane_Run_Station
United States,L100000104074,Cape Fear Steam Plant,,,North Carolina,35.594767,-79.04965,,328.5,0,2,0,https://www.gem.wiki/Cape_Fear_Steam_Plant
United States,L100000104221,Carbon Power Plant,,,Utah,39.727114,-110.864519,,188.6,0,2,0,https://www.gem.wiki/Carbon_Power_Plant
United States,L100000104103,Cardinal Plant,,,Ohio,40.253003,-80.646803,1880.4,,3,0,0,https://www.gem.wiki/Cardinal_Plant
United States,L100000103933,Cash Creek Generation,,,Kentucky,37.8417,-87.586396,,,0,0,1,https://www.gem.wiki/Cash_Creek_Generation
United States,L100000103880,Cayuga Generating Station,,,Indiana,39.923308,-87.427381,1062,,2,0,0,https://www.gem.wiki/Cayuga_Generating_Station
United States,L100000104062,Cayuga power station (New York),,Milliken Station,New York,42.602544,-76.635978,,327.2,0,2,0,https://www.gem.wiki/Cayuga_power_station_(New_York)
United States,L100000103822,Cedar Bay Cogeneration Plant,,,Florida,30.422094,-81.607786,,291.6,0,1,0,https://www.gem.wiki/Cedar_Bay_Cogeneration_Plant
United States,L100000104193,Celanese power station,,,Texas,30.033611,-95.261111,,37,0,1,0,https://www.gem.wiki/Celanese_power_station
United States,L100000103823,Central Power & Lime Power Plant,,,Florida,28.583447,-82.431853,,125,0,1,0,https://www.gem.wiki/Central_Power_&_Lime_Power_Plant
United States,L100000104247,Centralia Power Plant,,,Washington,46.755925,-122.857217,,1460,0,2,0,https://www.gem.wiki/Centralia_Power_Plant
United States,L100000103962,Chalk Point Generating Station,,,Maryland,38.543881,-76.685958,,728,0,2,0,https://www.gem.wiki/Chalk_Point_Generating_Station
United States,L100000104051,Chambers Cogeneration power station,,,New Jersey,39.693028,-75.486244,,285,0,1,0,https://www.gem.wiki/Chambers_Cogeneration_power_station
United States,L100000104015,Chamois power station,,,Missouri,38.683782,-91.756869,,44,0,1,0,https://www.gem.wiki/Chamois_power_station
United States,L100000103777,Charles R. Lowman Power Plant,,,Alabama,31.488686,-87.9102,,538,0,3,0,https://www.gem.wiki/Charles_R._Lowman_Power_Plant
United States,L100000103806,Cherokee Station,,,Colorado,39.807275,-104.9645,,801,0,4,0,https://www.gem.wiki/Cherokee_Station
United States,L100000104232,Chesapeake Energy Center,,,Virginia,36.770856,-76.300983,,650,0,4,0,https://www.gem.wiki/Chesapeake_Energy_Center
United States,L100000104233,Chesterfield power station,,,Virginia,37.3832,-77.382089,,1352.9,0,4,0,https://www.gem.wiki/Chesterfield_power_station
United States,L100000104135,Cheswick Power Station,,,Pennsylvania,40.538714,-79.791156,,637,0,1,0,https://www.gem.wiki/Cheswick_Power_Station
United States,L100000104104,Chillicothe Paper Power Plant,,"Chillicothe Facility, Chillicothe Paper Inc",Ohio,39.321962,-82.974708,,31,0,1,0,https://www.gem.wiki/Chillicothe_Paper_Power_Plant
United States,L100000103788,Cholla Generating Station,,,Arizona,34.940914,-110.3004,,1128.8,0,4,0,https://www.gem.wiki/Cholla_Generating_Station
United States,L100000103881,Clifty Creek Station,,,Indiana,38.738431,-85.419064,1303.8,,6,0,0,https://www.gem.wiki/Clifty_Creek_Station
United States,L100000104234,Clinch River Plant,,,Virginia,36.933406,-82.199336,,712.5,0,3,0,https://www.gem.wiki/Clinch_River_Plant
United States,L100000104235,Clover power station,,,Virginia,36.869533,-78.704414,848,,2,0,0,https://www.gem.wiki/Clover_power_station
United States,L100000104090,Coal Creek Station,,,North Dakota,47.378511,-101.157033,1210,,2,0,0,https://www.gem.wiki/Coal_Creek_Station
United States,L100000103975,Cobb Generating Plant,,BC Cobb power station,Michigan,43.254211,-86.240178,,312,0,2,0,https://www.gem.wiki/Cobb_Generating_Plant
United States,L100000103854,Coffeen power station,,,Illinois,39.058394,-89.403722,,1005.5,0,2,0,https://www.gem.wiki/Coffeen_power_station
United States,L100000104237,Cogentrix Portsmouth Facility,,Portsmouth Genco,Virginia,36.870239,-76.352275,,114,0,2,0,https://www.gem.wiki/Cogentrix_Portsmouth_Facility
United States,L100000103778,Colbert Fossil Plant,,Colbert Combustion Turbine Plant,Alabama,34.744242,-87.848467,,1350,0,5,0,https://www.gem.wiki/Colbert_Fossil_Plant
United States,L100000103934,Coleman Station,,Coleman Hancock,Kentucky,37.9625,-86.791667,,602,0,3,0,https://www.gem.wiki/Coleman_Station
United States,L100000104194,Coleto Creek expansion,,,Texas,28.829558,-96.975845,,,0,0,1,https://www.gem.wiki/Coleto_Creek_expansion
United States,L100000104195,Coleto Creek power station,,,Texas,28.712836,-97.214378,600,,1,0,0,https://www.gem.wiki/Coleto_Creek_power_station
United States,L100000104031,Colstrip Steam Plant,,"Colstrip 1&2 power station (Unit 1, Unit 2), Colstrip 3&4 power station (Unit 3, Unit 4)",Montana,45.882386,-106.612847,1556,716.8,2,2,0,https://www.gem.wiki/Colstrip_Steam_Plant
United States,L100000104268,Columbia Energy Center,,,Wisconsin,43.486,-89.420794,1112,,2,0,0,https://www.gem.wiki/Columbia_Energy_Center
United States,L100000104037,Columbus ADM power station,,,Nebraska,41.41603951,-97.2865376,71.4,,1,0,0,https://www.gem.wiki/Columbus_ADM_power_station
United States,L100000104136,Colver Green Energy power station,,,Pennsylvania,40.550458,-78.798928,118,,1,0,0,https://www.gem.wiki/Colver_Green_Energy_power_station
United States,L100000103807,Comanche power station,,,Colorado,38.2075611,-104.5762722,1252.8,382.5,2,1,0,https://www.gem.wiki/Comanche_power_station
United States,L100000104137,Conemaugh Generating Station,,,Pennsylvania,40.383233,-79.061144,1872,,2,0,0,https://www.gem.wiki/Conemaugh_Generating_Station
United States,L100000104105,Conesville Power Plant,,,Ohio,40.185456,-81.880075,,2174.8,0,6,0,https://www.gem.wiki/Conesville_Power_Plant
United States,L100000103935,Cooper power station,,J.S. Cooper power station,Kentucky,36.997728,-84.592175,344,,2,0,0,https://www.gem.wiki/Cooper_power_station
United States,L100000104171,Cope Station,,,South Carolina,33.364769,-81.032092,417.3,,1,0,0,https://www.gem.wiki/Cope_Station
United States,L100000104859,Core Natural Resources power station,,,Pennsylvania,39.974,-80.377,,,0,0,1,https://www.gem.wiki/Core_Natural_Resources_power_station
United States,L100000104032,Corette Plant,,JE Corette power station,Montana,45.775175,-108.481322,,172.8,0,1,0,https://www.gem.wiki/Corette_Plant
United States,L100000103789,Coronado Generating Station,,,Arizona,34.577847,-109.272511,821.8,,2,0,0,https://www.gem.wiki/Coronado_Generating_Station
United States,L100000104091,Coyote Station,,,North Dakota,47.221236,-101.814883,450,,1,0,0,https://www.gem.wiki/Coyote_Station
United States,L100000103808,Craig Station,,"Yampa project (Unit 1, Unit 2)",Colorado,40.4627,-107.591153,1427.6,,3,0,0,https://www.gem.wiki/Craig_Station
United States,L100000103963,Crane Generating Station,,C.P. Crane Generating Station,Maryland,39.323603,-76.365139,,399.8,0,2,0,https://www.gem.wiki/Crane_Generating_Station
United States,L100000103855,Crawford Generating Station,,,Illinois,41.828847,-87.723178,,597,0,2,0,https://www.gem.wiki/Crawford_Generating_Station
United States,L100000104138,Cromby Generating Station,,,Pennsylvania,40.151977,-75.528931,,188,0,1,0,https://www.gem.wiki/Cromby_Generating_Station
United States,L100000104172,Cross Generating Station,,,South Carolina,33.369972,-80.11275,2390.1000000000004,,4,0,0,https://www.gem.wiki/Cross_Generating_Station
United States,L100000104033,Crow Nation CFB,,,Montana,45.603246,-107.458564,,,0,0,1,https://www.gem.wiki/Crow_Nation_CFB
United States,L100000103825,Crystal River Energy Complex,,,Florida,28.957031,-82.700583,1478.4,964.3,2,2,0,https://www.gem.wiki/Crystal_River_Energy_Complex
United States,L100000104186,Cumberland Steam Plant,,"Cumberland Combined Cycle Plant, Cumberland Fossil Plant",Tennessee,36.389947,-87.651636,2600,,2,0,0,https://www.gem.wiki/Cumberland_Steam_Plant
United States,L100000103936,Dale power station,,,Kentucky,37.880731,-84.261722,,162,0,2,0,https://www.gem.wiki/Dale_power_station
United States,L100000103856,Dallman Station,,,Illinois,39.754472,-89.603128,230.1,387.7,1,3,0,https://www.gem.wiki/Dallman_Station
United States,L100000104076,Dan River Steam Station,,,North Carolina,36.486025,-79.721108,,290,0,3,0,https://www.gem.wiki/Dan_River_Steam_Station
United States,L100000104008,Daniel Generating Plant,,Victor J. Daniel Generating Plant,Mississippi,30.53265,-88.557111,500,500,1,1,0,https://www.gem.wiki/Daniel_Generating_Plant
United States,L100000104067,Danskammer Generating Station,,Roseton Generating Station,New York,41.572122,-73.966225,,386.5,0,2,0,https://www.gem.wiki/Danskammer_Generating_Station
United States,L100000104281,Dave Johnston Power Plant,,,Wyoming,42.839072,-105.777397,816.7,,4,0,0,https://www.gem.wiki/Dave_Johnston_Power_Plant
United States,L100000103882,Dean Mitchell Generating Station,,DH Mitchell power station,Indiana,41.639,-87.4069,,522,0,4,0,https://www.gem.wiki/Dean_Mitchell_Generating_Station
United States,L100000104052,Deepwater Generating Station,,,New Jersey,39.682239,-75.508217,,82,0,1,0,https://www.gem.wiki/Deepwater_Generating_Station
United States,L100000103826,Deerhaven Generating Station,,,Florida,29.759147,-82.388053,,250.7,0,1,0,https://www.gem.wiki/Deerhaven_Generating_Station
United States,L100000104058,Desert Rock,,,New Mexico,36.765912,-108.189675,,,0,0,1,https://www.gem.wiki/Desert_Rock
United States,L100000103964,Dickerson Generating Station,,,Maryland,39.209267,-77.464028,,588,0,3,0,https://www.gem.wiki/Dickerson_Generating_Station
United States,L100000103956,Dolet Hills power station,,,Louisiana,32.031061,-93.568842,,720.8,0,1,0,https://www.gem.wiki/Dolet_Hills_power_station
United States,L100000104282,Dry Fork Station,,,Wyoming,44.387442,-105.461327,484,,1,0,0,https://www.gem.wiki/Dry_Fork_Station
United States,L100000103907,Dubuque Generating Station,,,Iowa,42.503041,-90.658436,,37.5,0,1,0,https://www.gem.wiki/Dubuque_Generating_Station
United States,L100000103857,Duck Creek Station,,,Illinois,40.466436,-89.983417,,96,0,1,0,https://www.gem.wiki/Duck_Creek_Station
United States,L100000104068,Dunkirk Steam Station,,,New York,42.491697,-79.347156,,627.2,0,4,0,https://www.gem.wiki/Dunkirk_Steam_Station
United States,L100000103937,E.W. Brown Generating Station,,,Kentucky,37.788331,-84.713531,464,293.1,1,2,0,https://www.gem.wiki/E.W._Brown_Generating_Station
United States,L100000103883,Eagle Valley Station,,,Indiana,39.485231,-86.417931,,301.6,0,4,0,https://www.gem.wiki/Eagle_Valley_Station
United States,L100000103908,Earl F. Wisdom Generating Station,,,Iowa,43.1605,-95.257556,,33,0,1,0,https://www.gem.wiki/Earl_F._Wisdom_Generating_Station
United States,L100000103938,East Bend Generating Station,,,Kentucky,38.904169,-84.851336,669.3,,1,0,0,https://www.gem.wiki/East_Bend_Generating_Station
United States,L100000104106,Eastlake Power Plant,,,Ohio,41.670731,-81.443708,,1257,0,5,0,https://www.gem.wiki/Eastlake_Power_Plant
United States,L100000104139,Ebensburg Generating Plant,,,Pennsylvania,40.455,-78.7472,57.6,,1,0,0,https://www.gem.wiki/Ebensburg_Generating_Plant
United States,L100000103976,Eckert Station,,,Michigan,42.7189,-84.557769,,375,0,6,0,https://www.gem.wiki/Eckert_Station
United States,L100000104140,Eddystone Generating Station,,,Pennsylvania,39.858814,-75.323781,,707.2,0,2,0,https://www.gem.wiki/Eddystone_Generating_Station
United States,L100000103818,Edge Moor Power Plant,,Hay Road Power Complex,Delaware,39.738611,-75.504167,,698,0,3,0,https://www.gem.wiki/Edge_Moor_Power_Plant
United States,L100000104077,Edgecombe Genco,,Cogentrix of Rocky Mount,North Carolina,36.037533,-77.754056,,114.8,0,2,0,https://www.gem.wiki/Edgecombe_Genco
United States,L100000104269,Edgewater Generating Station,,,Wisconsin,43.716161,-87.705894,413.7,420,1,2,0,https://www.gem.wiki/Edgewater_Generating_Station
United States,L100000103858,Edwards Generation Plant,,,Illinois,40.59605,-89.661953,,780.3,0,3,0,https://www.gem.wiki/Edwards_Generation_Plant
United States,L100000103884,Edwardsport generating station (retired),,,Indiana,38.797777,-87.251625,,109.2,0,2,0,https://www.gem.wiki/Edwardsport_generating_station_(retired)
United States,L100000103885,Edwardsport power station,,,Indiana,38.797506,-87.250488,804.5,,3,0,0,https://www.gem.wiki/Edwardsport_power_station
United States,L100000104078,Elizabethtown Power Plant,,,North Carolina,34.647174,-78.641388,,34.7,0,1,0,https://www.gem.wiki/Elizabethtown_Power_Plant
United States,L100000104274,Elm Road power station,,"ERGS, Elm Road Generating Station, Oak Creek power station, Elm Road Generating Station Gas Fuel Flexibility Project",Wisconsin,42.8467861,-87.8294148,1402.6,,2,0,0,https://www.gem.wiki/Elm_Road_power_station
United States,L100000103939,Elmer Smith Station,,,Kentucky,37.794683,-87.060717,,445,0,2,0,https://www.gem.wiki/Elmer_Smith_Station
United States,L100000104141,Elrama Power Plant,,,Pennsylvania,40.253103,-79.917492,,510,0,4,0,https://www.gem.wiki/Elrama_Power_Plant
United States,L100000103980,Endicott Generating Station,,,Michigan,42.0336,-84.7583,,55,0,1,0,https://www.gem.wiki/Endicott_Generating_Station
United States,L100000104053,England Generating Station,,BL England power station,New Jersey,39.290556,-74.633556,,299.2,0,2,0,https://www.gem.wiki/England_Generating_Station
United States,L100000103977,Erickson Station,,,Michigan,42.692247,-84.656769,,155,0,1,0,https://www.gem.wiki/Erickson_Station
United States,L100000104059,Escalante Generating Station,,,New Mexico,35.415986,-108.082608,,257,0,1,0,https://www.gem.wiki/Escalante_Generating_Station
United States,L100000103940,Estill County Energy Partners,,,Kentucky,37.697874,-83.924354,,,0,0,1,https://www.gem.wiki/Estill_County_Energy_Partners
United States,L100000103886,F. B. Culley power station,,F. B. Culley Generating Station,Indiana,37.908961,-87.324717,368.9,46,2,1,0,https://www.gem.wiki/F._B._Culley_power_station
United States,L100000103909,Fair Station,,Fe Fair power station,Iowa,41.457406,-90.822663,,37.5,0,1,0,https://www.gem.wiki/Fair_Station
United States,L100000104196,Fayette Power Project,,,Texas,29.916456,-96.750842,1690,,3,0,0,https://www.gem.wiki/Fayette_Power_Project
United States,L100000103827,Fernandina Beach Mill power station,,"Jefferson Smurfit Nassau County,  FL",Florida,30.681589,-81.45622,,96.9,0,2,0,https://www.gem.wiki/Fernandina_Beach_Mill_power_station
United States,L100000103859,Fisk Generating Station,,Fisk Street Generating Station,Illinois,41.850794,-87.653383,,374.1,0,1,0,https://www.gem.wiki/Fisk_Generating_Station
United States,L100000103793,Flint Creek Power Plant,,,Arkansas,36.256083,-94.523908,558,,1,0,0,https://www.gem.wiki/Flint_Creek_Power_Plant
United States,L100000104125,Fort James Muskogee Mill Power Plant,,,Oklahoma,35.732572,-95.293778,,91,0,2,0,https://www.gem.wiki/Fort_James_Muskogee_Mill_Power_Plant
United States,L100000104250,Fort Martin power station,,,West Virginia,39.710833,-79.9275,1152,,2,0,0,https://www.gem.wiki/Fort_Martin_power_station
United States,L100000104060,Four Corners Steam Plant,,,New Mexico,36.689369,-108.480339,1636.2,633.6,2,3,0,https://www.gem.wiki/Four_Corners_Steam_Plant
United States,L100000104167,Frackville Power Plant,,,Pennsylvania,40.790306,-76.198511,,48,0,1,0,https://www.gem.wiki/Frackville_Power_Plant
United States,L100000103887,Frank Ratts Generating Station,,,Indiana,38.519111,-87.2655,,234,0,2,0,https://www.gem.wiki/Frank_Ratts_Generating_Station
United States,L100000104197,Freeport Plant,,,Texas,28.943464,-95.368158,,,0,0,1,https://www.gem.wiki/Freeport_Plant
United States,L100000103860,FutureGen power station,,,Illinois,39.465556,-88.343346,,,0,0,1,https://www.gem.wiki/FutureGen_power_station
United States,L100000104079,G.G. Allen Steam Plant,,,North Carolina,35.190278,-81.008333,,1155,0,5,0,https://www.gem.wiki/G.G._Allen_Steam_Plant
United States,L100000103779,Gadsden Steam Plant,,,Alabama,34.009396,-85.967952,,138,0,2,0,https://www.gem.wiki/Gadsden_Steam_Plant
United States,L100000103888,Gallagher Generating Station,,R. Gallagher Generating Station,Indiana,38.263689,-85.838086,,600,0,4,0,https://www.gem.wiki/Gallagher_Generating_Station
United States,L100000104187,Gallatin Fossil Plant,,,Tennessee,36.315372,-86.400783,1255.2,,4,0,0,https://www.gem.wiki/Gallatin_Fossil_Plant
United States,L100000103780,Gaston Steam Plant,,"Plant Gaston, EC Gaston power station, Ernest C. Gaston Electric Generating Plant",Alabama,33.243164,-86.458936,952,1060.8,1,4,0,https://www.gem.wiki/Gaston_Steam_Plant
United States,L100000104107,Gavin Power Plant,,General James M. Gavin Power Plant,Ohio,38.935369,-82.115378,2600,,2,0,0,https://www.gem.wiki/Gavin_Power_Plant
United States,L100000104270,Genoa Station,,,Wisconsin,43.559042,-91.2327,,345.6,0,1,0,https://www.gem.wiki/Genoa_Station
United States,L100000103910,George Neal Station North,,,Iowa,42.325833,-96.381361,584.1,496.2,1,2,0,https://www.gem.wiki/George_Neal_Station_North
United States,L100000103911,George Neal Station South,,,Iowa,42.299653,-96.362597,695.9,,1,0,0,https://www.gem.wiki/George_Neal_Station_South
United States,L100000104038,Gerald Gentleman Station,,,Nebraska,41.080981,-101.14075,1362.6,,2,0,0,https://www.gem.wiki/Gerald_Gentleman_Station
United States,L100000103941,Ghent Generating Station,,,Kentucky,38.748617,-85.0374,2225.8999999999996,,4,0,0,https://www.gem.wiki/Ghent_Generating_Station
United States,L100000104198,Gibbons Creek Steam Station,,,Texas,30.61885,-96.081833,,453.5,0,1,0,https://www.gem.wiki/Gibbons_Creek_Steam_Station
United States,L100000103889,Gibson Generating Station,,,Indiana,38.371381,-87.768189,3339.5,,5,0,0,https://www.gem.wiki/Gibson_Generating_Station
United States,L100000104239,Glen Lyn Plant,,,Virginia,37.369417,-80.863014,,337.5,0,2,0,https://www.gem.wiki/Glen_Lyn_Plant
United States,L100000104142,Good Spring Plant,,,Pennsylvania,40.624809,-76.484959,,,0,0,1,https://www.gem.wiki/Good_Spring_Plant
United States,L100000103781,Gorgas Steam Plant,,"Gorgas Two power station, Plant Gorgas",Alabama,33.645461,-87.200264,,1416.6999999999998,0,5,0,https://www.gem.wiki/Gorgas_Steam_Plant
United States,L100000104174,Grainger Generating Station,,Dolphus M. Grainger Generating Station,South Carolina,33.825419,-79.052511,,170,0,2,0,https://www.gem.wiki/Grainger_Generating_Station
United States,L100000104122,Grand River Energy Center,,"Chouteau Plant, GREC, GRDA Plant",Oklahoma,36.188703,-95.289033,594,540,1,1,0,https://www.gem.wiki/Grand_River_Energy_Center
United States,L100000104251,Grant Town Power Plant,,,West Virginia,39.560277,-80.162893,95.7,,1,0,0,https://www.gem.wiki/Grant_Town_Power_Plant
United States,L100000103942,Green River Generating Station,,,Kentucky,37.363133,-87.122142,,263.6,0,4,0,https://www.gem.wiki/Green_River_Generating_Station
United States,L100000104222,Green River Plant,,,Utah,38.98023,-110.098693,,,0,0,1,https://www.gem.wiki/Green_River_Plant
United States,L100000103943,Green Station,,R.D. Green Station,Kentucky,37.646678,-87.501403,,586,0,2,0,https://www.gem.wiki/Green_Station
United States,L100000103782,Greene County Steam Plant,,RD Green,Alabama,32.601328,-87.781575,,568.4,0,2,0,https://www.gem.wiki/Greene_County_Steam_Plant
United States,L100000104143,Greene Energy Resource Recovery Project,,,Pennsylvania,39.806346,-79.551528,,,0,0,1,https://www.gem.wiki/Greene_Energy_Resource_Recovery_Project
United States,L100000103824,Gulf Clean Energy Center,,Crist Plant,Florida,30.565986,-87.224511,,1135.1000000000001,0,4,0,https://www.gem.wiki/Gulf_Clean_Energy_Center
United States,L100000103790,H. Wilson Sundt Generating Station,,Irvington Generating Station,Arizona,32.159761,-110.905125,,173.3,0,1,0,https://www.gem.wiki/H._Wilson_Sundt_Generating_Station
United States,L100000104175,H.B. Robinson Steam power station,,"H.B. Robinson Steam Plant, Hb Robinson One power station",South Carolina,34.403114,-80.156814,,206.6,0,1,0,https://www.gem.wiki/H.B._Robinson_Steam_power_station
United States,L100000104108,Hamilton Municipal Electric Plant,,,Ohio,39.409435,-84.55452,,50.6,0,1,0,https://www.gem.wiki/Hamilton_Municipal_Electric_Plant
United States,L100000103837,Hammond Steam Generating Station,,,Georgia,34.253108,-85.345214,,953,0,4,0,https://www.gem.wiki/Hammond_Steam_Generating_Station
United States,L100000103978,Harbor Beach Power Plant,,,Michigan,43.851828,-82.643631,,121,0,1,0,https://www.gem.wiki/Harbor_Beach_Power_Plant
United States,L100000104034,Hardin Generating Station,,,Montana,45.764342,-107.598292,115.7,,1,0,0,https://www.gem.wiki/Hardin_Generating_Station
United States,L100000103890,Harding Street Station,,E.W. Stout Generating Station,Indiana,39.709253,-86.196097,,663,0,3,0,https://www.gem.wiki/Harding_Street_Station
United States,L100000103838,Harllee Branch Generating Plant,,,Georgia,33.194486,-83.2996,,1746.2,0,4,0,https://www.gem.wiki/Harllee_Branch_Generating_Plant
United States,L100000104199,Harrington Station,,,Texas,35.299289,-101.747361,,1080,0,3,0,https://www.gem.wiki/Harrington_Station
United States,L100000104252,Harrison power station,,,West Virginia,39.384167,-80.3325,2052,,3,0,0,https://www.gem.wiki/Harrison_power_station
United States,L100000104144,Hatfields Ferry power station,,,Pennsylvania,39.856936,-79.930567,,1728,0,3,0,https://www.gem.wiki/Hatfields_Ferry_power_station
United States,L100000103861,Havana power station,,,Illinois,40.281458,-90.079039,,488,0,1,0,https://www.gem.wiki/Havana_power_station
United States,L100000104016,Hawthorn Station,,,Missouri,39.130683,-94.4778,565,,1,0,0,https://www.gem.wiki/Hawthorn_Station
United States,L100000103809,Hayden Station,,,Colorado,40.487122,-107.185669,447,,2,0,0,https://www.gem.wiki/Hayden_Station
United States,L100000103786,Healy Power Plant,,,Alaska,63.854431,-148.94815,50,,1,0,0,https://www.gem.wiki/Healy_Power_Plant
United States,L100000104684,Henderson One power station,,,Kentucky,37.8425,-87.59111,,32.3,0,1,0,https://www.gem.wiki/Henderson_One_power_station
United States,L100000103944,Henderson Station,,William L Newman power station,Kentucky,37.646678,-87.501403,,405,0,2,0,https://www.gem.wiki/Henderson_Station
United States,L100000103862,Hennepin power station,,,Illinois,41.3032,-89.315361,,306.3,0,2,0,https://www.gem.wiki/Hennepin_power_station
United States,L100000103965,Herbert Wagner Generating Station,,H. A. Wagner power station,Maryland,39.178833,-76.52733,,495,0,2,0,https://www.gem.wiki/Herbert_Wagner_Generating_Station
United States,L100000104092,Heskett Station,,R.M. Heskett Station,North Dakota,46.866825,-100.883781,,115,0,2,0,https://www.gem.wiki/Heskett_Station
United States,L100000104685,High Bridge power station,,High Bridge Generating Plant,Minnesota,44.931457,-93.111389,,267,0,2,0,https://www.gem.wiki/High_Bridge_power_station
United States,L100000103921,Holcomb Station,,,Kansas,37.9307889,-100.9724694,348.7,,1,0,1,https://www.gem.wiki/Holcomb_Station
United States,L100000104145,Homer City Generating Station,,Homer City Energy Campus,Pennsylvania,40.513131,-79.197047,,2012,0,3,0,https://www.gem.wiki/Homer_City_Generating_Station
United States,L100000104000,Hoot Lake Plant,,,Minnesota,46.290364,-96.043044,,129,0,2,0,https://www.gem.wiki/Hoot_Lake_Plant
United States,L100000104240,Hopewell Power Station,,Hopewell - Polyester,Virginia,37.297396,-77.283502,,71.1,0,1,0,https://www.gem.wiki/Hopewell_Power_Station
United States,L100000104054,Hudson Generating Station,,,New Jersey,40.746828,-74.072569,,660,0,1,0,https://www.gem.wiki/Hudson_Generating_Station
United States,L100000104123,Hugo power station,,"Hugo 1 (Unit 1), Hugo 2 (Unit 2)",Oklahoma,34.014675,-95.3209667,446,,1,0,1,https://www.gem.wiki/Hugo_power_station
United States,L100000104146,Hunlock Power Station,,,Pennsylvania,41.201538,-76.069648,,49.9,0,1,0,https://www.gem.wiki/Hunlock_Power_Station
United States,L100000104223,Hunter Power Plant,,,Utah,39.173339,-111.028911,1577.2,,3,0,0,https://www.gem.wiki/Hunter_Power_Plant
United States,L100000104224,Huntington Power Plant,,,Utah,39.378786,-111.079314,1037.3,,2,0,0,https://www.gem.wiki/Huntington_Power_Plant
United States,L100000104069,Huntley power station,,C.R. Huntley Generating Station,New York,42.9709444,-78.9312861,,780,0,6,0,https://www.gem.wiki/Huntley_power_station
United States,L100000104109,Hutchings Station,,O.H. Hutchings Station,Ohio,39.609094,-84.292397,,414,0,6,0,https://www.gem.wiki/Hutchings_Station
United States,L100000103863,Hutsonville power station,,,Illinois,39.13165,-87.6588,,150,0,2,0,https://www.gem.wiki/Hutsonville_power_station
United States,L100000103799,Hydrogen Energy California,,,California,35.2274,-119.321,,,0,0,1,https://www.gem.wiki/Hydrogen_Energy_California
United States,L100000104017,Iatan Generating Station,,,Missouri,39.4466694,-94.980175,1640,,2,0,0,https://www.gem.wiki/Iatan_Generating_Station
United States,L100000103794,Independence Steam Station,,,Arkansas,35.67815,-91.407736,1800,,2,0,0,https://www.gem.wiki/Independence_Steam_Station
United States,L100000103819,Indian River power station,,IRGS,Delaware,38.5852,-75.2334,,785,0,4,0,https://www.gem.wiki/Indian_River_power_station
United States,L100000103828,Indiantown Cogen power station,,,Florida,27.039261,-80.514744,,395.4,0,1,0,https://www.gem.wiki/Indiantown_Cogen_power_station
United States,L100000104225,Intermountain power station,,Intermountain Power Project,Utah,39.51095,-112.580122,,1640,0,2,0,https://www.gem.wiki/Intermountain_power_station
United States,L100000103839,International Paper Savannah Mill,,Savannah Mill,Georgia,32.102123,-81.126383,,154,0,2,0,https://www.gem.wiki/International_Paper_Savannah_Mill
United States,L100000104200,J. K. Spruce Station,,"Spruce, Calaveras",Texas,29.309722,-98.3203,1444,,2,0,0,https://www.gem.wiki/J._K._Spruce_Station
United States,L100000104201,J.T. Deely Station,,Calaveras,Texas,29.307964,-98.321133,,932,0,2,0,https://www.gem.wiki/J.T._Deely_Station
United States,L100000104009,Jack Watson Generating Plant,,,Mississippi,30.439233,-89.026106,,877.2,0,2,0,https://www.gem.wiki/Jack_Watson_Generating_Plant
United States,L100000104075,James E. Rogers Energy Complex,,Cliffside Plant,North Carolina,35.216367,-81.762406,1530.5,210,2,4,0,https://www.gem.wiki/James_E._Rogers_Energy_Complex
United States,L100000104241,James River Cogeneration Plant,,,Virginia,37.293975,-77.269764,,114.8,0,2,0,https://www.gem.wiki/James_River_Cogeneration_Plant
United States,L100000104019,James River power station,,,Missouri,37.108339,-93.260081,,209,0,3,0,https://www.gem.wiki/James_River_power_station
United States,L100000104176,Jefferies Generating Station,,,South Carolina,33.242244,-79.986881,,345.6,0,2,0,https://www.gem.wiki/Jefferies_Generating_Station
United States,L100000103922,Jeffrey Energy Center,,,Kansas,39.286453,-96.11723,2160,,3,0,0,https://www.gem.wiki/Jeffrey_Energy_Center
United States,L100000104283,Jim Bridger Steam Plant,,,Wyoming,41.738081,-108.786556,1162,1164,2,2,0,https://www.gem.wiki/Jim_Bridger_Steam_Plant
United States,L100000104147,John B. Rich Memorial Power Station,,,Pennsylvania,40.7905,-76.198,88.4,,1,0,0,https://www.gem.wiki/John_B._Rich_Memorial_Power_Station
United States,L100000104272,John Madgett Station,,J. P. Madgett Station,Wisconsin,44.304994,-91.9117,387,,1,0,0,https://www.gem.wiki/John_Madgett_Station
United States,L100000104188,John Sevier Fossil Plant,,,Tennessee,36.376897,-82.963831,,800,0,4,0,https://www.gem.wiki/John_Sevier_Fossil_Plant
United States,L100000104029,John Twitty Energy Center,,Southwest Power Station,Missouri,37.150882,-93.389741,494,,2,0,0,https://www.gem.wiki/John_Twitty_Energy_Center
United States,L100000103795,John W. Turk Jr. Power Plant,,Hempstead power station,Arkansas,33.65117,-93.811666,609,,1,0,0,https://www.gem.wiki/John_W._Turk_Jr._Power_Plant
United States,L100000104189,Johnsonville Fossil Plant,,Johnsonville Combustion Turbine Plant,Tennessee,36.036634,-87.98367,,1485.2,0,10,0,https://www.gem.wiki/Johnsonville_Fossil_Plant
United States,L100000103864,Joliet 29 Generating Station,,Joliet power station,Illinois,41.494919,-88.124342,,1320,0,2,0,https://www.gem.wiki/Joliet_29_Generating_Station
United States,L100000103865,Joliet 9 Generating Station,,Joliet power station,Illinois,41.494919,-88.124342,,360.4,0,1,0,https://www.gem.wiki/Joliet_9_Generating_Station
United States,L100000103866,Joppa Steam Plant,,,Illinois,37.209414,-88.858164,,1099.8,0,6,0,https://www.gem.wiki/Joppa_Steam_Plant
United States,L100000104253,Kammer Plant,,,West Virginia,39.838189,-80.818103,,712.5,0,3,0,https://www.gem.wiki/Kammer_Plant
United States,L100000104254,Kanawha River Plant,,,West Virginia,38.206742,-81.422903,,439.2,0,2,0,https://www.gem.wiki/Kanawha_River_Plant
United States,L100000104170,Kapstone Power Plant,,Cogen South Power Plant,South Carolina,32.897056,-79.967944,,99.3,0,1,0,https://www.gem.wiki/Kapstone_Power_Plant
United States,L100000103981,Karn Generating Plant,,Dan E. Karn power station,Michigan,43.641447,-83.842706,,516,0,2,0,https://www.gem.wiki/Karn_Generating_Plant
United States,L100000103982,Karn/Weadock Generating Complex Expansion,,,Michigan,43.581248,-83.883535,,,0,0,1,https://www.gem.wiki/Karn/Weadock_Generating_Complex_Expansion
United States,L100000104010,Kemper Project,,,Mississippi,32.651236,-88.759028,,,0,0,1,https://www.gem.wiki/Kemper_Project
United States,L100000104148,Keystone Generating Station,,,Pennsylvania,40.660581,-79.340897,1872,,2,0,0,https://www.gem.wiki/Keystone_Generating_Station
United States,L100000104110,Killen Generating Station,,,Ohio,38.690456,-83.480742,,660.6,0,1,0,https://www.gem.wiki/Killen_Generating_Station
United States,L100000104134,Kimberly-Clark Chester Power Plant,,Chester Cogeneration Plant,Pennsylvania,39.84318,-75.358657,,67,0,1,0,https://www.gem.wiki/Kimberly-Clark_Chester_Power_Plant
United States,L100000103867,Kincaid Generating Station,,,Illinois,39.590881,-89.496789,1319,,2,0,0,https://www.gem.wiki/Kincaid_Generating_Station
United States,L100000104190,Kingston Fossil Plant,,,Tennessee,35.898858,-84.51985,1700,,9,0,0,https://www.gem.wiki/Kingston_Fossil_Plant
United States,L100000104149,Kline Cogeneration Facility,,Northeastern,Pennsylvania,40.873671,-75.994864,,59,0,1,0,https://www.gem.wiki/Kline_Cogeneration_Facility
United States,L100000103840,Kraft Plant,,,Georgia,32.149433,-81.144892,,207.9,0,3,0,https://www.gem.wiki/Kraft_Plant
United States,L100000104111,Kyger Creek Station,,,Ohio,38.916236,-82.127689,1086,,5,0,0,https://www.gem.wiki/Kyger_Creek_Station
United States,L100000103923,La Cygne Generating Station,,,Kansas,38.348047,-94.645681,1578,,2,0,0,https://www.gem.wiki/La_Cygne_Generating_Station
United States,L100000104020,Labadie power station,,,Missouri,38.561944,-90.837819,2389.4,,4,0,0,https://www.gem.wiki/Labadie_power_station
United States,L100000104021,Lake Road (MO) power station,,Lake Road Generating Station (MO),Missouri,39.724872,-94.878188,,90,0,1,0,https://www.gem.wiki/Lake_Road_(MO)_power_station
United States,L100000104112,Lake Shore Plant,,,Ohio,41.535394,-81.641278,,256,0,1,0,https://www.gem.wiki/Lake_Shore_Plant
United States,L100000104689,Lakeside power station,,,Illinois,39.754472,-89.603128,,75,0,2,0,https://www.gem.wiki/Lakeside_power_station
United States,L100000103983,Lansing Board of Water and Light,,,Michigan,42.719722,-84.55167,,,0,0,1,https://www.gem.wiki/Lansing_Board_of_Water_and_Light
United States,L100000103829,Lansing Smith Generating Plant,,,Florida,30.268528,-85.700025,,340,0,2,0,https://www.gem.wiki/Lansing_Smith_Generating_Plant
United States,L100000103912,Lansing power station,,,Iowa,43.336936,-91.166072,,312,0,2,0,https://www.gem.wiki/Lansing_power_station
United States,L100000104284,Laramie River Station,,,Wyoming,42.109056,-104.880772,1710,,3,0,0,https://www.gem.wiki/Laramie_River_Station
United States,L100000104202,Las Brisas Energy Center,,,Texas,27.704264,-97.380166,,,0,0,1,https://www.gem.wiki/Las_Brisas_Energy_Center
United States,L100000103924,Lawrence Energy Center (Kansas),,Lawrence Energy Center,Kansas,39.00845,-95.269736,517,49,2,1,0,https://www.gem.wiki/Lawrence_Energy_Center_(Kansas)
United States,L100000104080,Lee Steam Plant,,HF Lee power station,North Carolina,35.379772,-78.08725,,432.5,0,3,0,https://www.gem.wiki/Lee_Steam_Plant
United States,L100000104093,Leland Olds Station,,,North Dakota,47.28105,-101.320469,656,,2,0,0,https://www.gem.wiki/Leland_Olds_Station
United States,L100000104035,Lewis & Clark Station,,,Montana,47.678611,-104.158,,50,0,1,0,https://www.gem.wiki/Lewis_&_Clark_Station
United States,L100000104203,Limestone Generating Station,,,Texas,31.4230278,-96.2531083,1850,,2,0,1,https://www.gem.wiki/Limestone_Generating_Station
United States,L100000104055,Logan Generating Plant,,,New Jersey,39.791536,-75.407414,,242.3,0,1,0,https://www.gem.wiki/Logan_Generating_Plant
United States,L100000104039,Lon Wright Power Plant,,,Nebraska,41.427806,-96.462192,91.5,,1,0,0,https://www.gem.wiki/Lon_Wright_Power_Plant
United States,L100000103841,Longleaf power station,,,Georgia,31.29563,-84.87109,,,0,0,1,https://www.gem.wiki/Longleaf_power_station
United States,L100000104255,Longview Plant,,"Longview II (gas-fired plant), Longview I (coal-fire plant)",West Virginia,39.707893,-79.95897,808,,1,0,0,https://www.gem.wiki/Longview_Plant
United States,L100000103913,Louisa Generating Station,,,Iowa,41.318022,-91.093339,811.9,,1,0,0,https://www.gem.wiki/Louisa_Generating_Station
United States,L100000104690,Lovett power station,,,New York,41.25778,-73.97972,,380.1,0,2,0,https://www.gem.wiki/Lovett_power_station
United States,L100000104081,Lumberton Power Plant,,"Lumberton ST, Georgia Renewable Power Lumberton",North Carolina,34.590221,-78.996542,,34.7,0,1,0,https://www.gem.wiki/Lumberton_Power_Plant
United States,L100000104217,Major Oak power station,,Twin Oaks power station,Texas,31.093083,-96.696192,349.2,,2,0,0,https://www.gem.wiki/Major_Oak_power_station
United States,L100000103868,Marion Plant,,,Illinois,37.619681,-88.952919,120,272,1,4,0,https://www.gem.wiki/Marion_Plant
United States,L100000104082,Marshall Steam Station,,,North Carolina,35.597872,-80.961244,1996,,4,0,0,https://www.gem.wiki/Marshall_Steam_Station
United States,L100000103810,Martin Drake Power Plant,,,Colorado,38.825022,-104.832844,,257,0,3,0,https://www.gem.wiki/Martin_Drake_Power_Plant
United States,L100000104204,Martin Lake Steam Station,,,Texas,32.259758,-94.570514,2379.6000000000004,,3,0,0,https://www.gem.wiki/Martin_Lake_Steam_Station
United States,L100000104691,Martins Creek power station,,,Pennsylvania,40.796355,-75.108594,,312.6,0,2,0,https://www.gem.wiki/Martins_Creek_power_station
United States,L100000103984,Marysville Power Plant,,,Michigan,42.924761,-82.461463,,150,0,2,0,https://www.gem.wiki/Marysville_Power_Plant
United States,L100000104083,Mayo Generating Plant,,,North Carolina,36.5278,-78.891869,735.8,,1,0,0,https://www.gem.wiki/Mayo_Generating_Plant
United States,L100000103842,McDonough Steam Generating Plant,,"Atkinson power station, Jack McDonough Steam Generating Plant",Georgia,33.8239,-84.4758,,598.4,0,2,0,https://www.gem.wiki/McDonough_Steam_Generating_Plant
United States,L100000103843,McIntosh Steam Plant,,Effingham Steam Plant,Georgia,32.356714,-81.167719,,177.6,0,1,0,https://www.gem.wiki/McIntosh_Steam_Plant
United States,L100000104177,McMeekin Station,,,South Carolina,34.056119,-81.217617,,293.6,0,2,0,https://www.gem.wiki/McMeekin_Station
United States,L100000104242,Mecklenburg power station,,,Virginia,36.599325,-78.530136,,139.8,0,2,0,https://www.gem.wiki/Mecklenburg_power_station
United States,L100000104022,Meramec Power Plant,,,Missouri,38.402056,-90.335744,,923,0,4,0,https://www.gem.wiki/Meramec_Power_Plant
United States,L100000104056,Mercer Generating Station,,,New Jersey,40.178617,-74.734433,,652.8,0,2,0,https://www.gem.wiki/Mercer_Generating_Station
United States,L100000103869,Meredosia power station,,,Illinois,39.823269,-90.5672,,355.4,0,3,0,https://www.gem.wiki/Meredosia_power_station
United States,L100000103891,Merom Generating Station,,,Indiana,39.0694,-87.5108,1080,,2,0,0,https://www.gem.wiki/Merom_Generating_Station
United States,L100000104049,Merrimack Station,,,New Hampshire,43.141094,-71.467511,,459.20000000000005,0,2,0,https://www.gem.wiki/Merrimack_Station
United States,L100000104001,Mesaba Energy Project,,,Minnesota,47.462071,-93.737522,,,0,0,1,https://www.gem.wiki/Mesaba_Energy_Project
United States,L100000104113,Miami Fort Station,,,Ohio,39.113094,-84.802919,1114.2,263.2,2,2,0,https://www.gem.wiki/Miami_Fort_Station
United States,L100000103892,Michigan City Generating Station,,,Indiana,41.722017,-86.909394,540,,1,0,0,https://www.gem.wiki/Michigan_City_Generating_Station
United States,L100000103945,Mill Creek Station,,Mill Creek Generating Station,Kentucky,38.052378,-85.909811,1361.7,355.5,3,1,0,https://www.gem.wiki/Mill_Creek_Station
United States,L100000103783,Miller Steam Plant,,James H. Miller Jr. Steam Plant,Alabama,33.633167,-87.059794,2822,,4,0,0,https://www.gem.wiki/Miller_Steam_Plant
United States,L100000103914,Milton Kapp Generating Station,,ML Kapp power station,Iowa,41.807647,-90.234103,,218.5,0,1,0,https://www.gem.wiki/Milton_Kapp_Generating_Station
United States,L100000104094,Milton R. Young Station,,,North Dakota,47.066106,-101.214564,767,,2,0,0,https://www.gem.wiki/Milton_R._Young_Station
United States,L100000104256,Mitchell Plant,,,West Virginia,39.838189,-80.818103,1632.6,,2,0,0,https://www.gem.wiki/Mitchell_Plant
United States,L100000104150,Mitchell Power Station (Pennsylvania),,,Pennsylvania,40.220206,-79.967681,,299.2,0,1,0,https://www.gem.wiki/Mitchell_Power_Station_(Pennsylvania)
United States,L100000103844,Mitchell Steam Generating Plant (Georgia),,,Georgia,31.444664,-84.134044,,163.2,0,1,0,https://www.gem.wiki/Mitchell_Steam_Generating_Plant_(Georgia)
United States,L100000103784,Mobile Energy Power Plant,,,Alabama,30.738522,-88.048888,,78.80000000000001,0,2,0,https://www.gem.wiki/Mobile_Energy_Power_Plant
United States,L100000104692,Mohave (NV) power station,,,Nevada,35.144284,-114.593273,,1636.2,0,2,0,https://www.gem.wiki/Mohave_(NV)_power_station
United States,L100000103985,Monroe Power Plant,,,Michigan,41.890389,-83.344978,3279.6,,4,0,0,https://www.gem.wiki/Monroe_Power_Plant
United States,L100000104205,Monticello Steam Station,,,Texas,33.091481,-95.037808,,1980,0,3,0,https://www.gem.wiki/Monticello_Steam_Station
United States,L100000104151,Montour Steam Station,,,Pennsylvania,41.069558,-76.665458,,1757.9,0,2,0,https://www.gem.wiki/Montour_Steam_Station
United States,L100000104023,Montrose Station,,,Missouri,38.310833,-93.934433,,563.1,0,3,0,https://www.gem.wiki/Montrose_Station
United States,L100000104257,Morgantown Energy Facility (WV),,,West Virginia,39.639998,-79.961394,,68.9,0,1,0,https://www.gem.wiki/Morgantown_Energy_Facility_(WV)
United States,L100000103967,Morgantown Generating Station,,,Maryland,38.359594,-76.975725,,1252,0,2,0,https://www.gem.wiki/Morgantown_Generating_Station
United States,L100000104011,Morrow Generating Plant,,R.D. Morrow Sr. Generating Plant,Mississippi,31.217756,-89.393972,,400,0,2,0,https://www.gem.wiki/Morrow_Generating_Plant
United States,L100000104258,Mount Storm power station,,,West Virginia,39.200531,-79.264722,1662.4,,3,0,0,https://www.gem.wiki/Mount_Storm_power_station
United States,L100000103970,Mount Tom Station,,,Massachusetts,42.280631,-72.605497,,136,0,1,0,https://www.gem.wiki/Mount_Tom_Station
United States,L100000104259,Mountaineer Plant,,,West Virginia,38.9792,-81.939805,1300,,1,0,0,https://www.gem.wiki/Mountaineer_Plant
United States,L100000104152,Mt. Carmel Cogeneration Facility,,,Pennsylvania,40.811245,-76.454013,47.3,,1,0,0,https://www.gem.wiki/Mt._Carmel_Cogeneration_Facility
United States,L100000103800,Mt. Poso Cogeneration Plant,,,California,35.576316,-119.006553,,62,0,1,0,https://www.gem.wiki/Mt._Poso_Cogeneration_Plant
United States,L100000103915,Muscatine Generating Station,,,Iowa,41.389303,-91.0578,250,,2,0,0,https://www.gem.wiki/Muscatine_Generating_Station
United States,L100000104114,Muskingum River Plant,,,Ohio,39.5896,-81.683014,,1529.3999999999999,0,5,0,https://www.gem.wiki/Muskingum_River_Plant
United States,L100000104124,Muskogee Generating Station,,,Oklahoma,35.761922,-95.287878,572.4,1144.8,1,2,0,https://www.gem.wiki/Muskogee_Generating_Station
United States,L100001047452,NTEC 8 Rivers power station,,,New Mexico,36.473972,-108.335518,,,0,0,1,https://www.gem.wiki/NTEC_8_Rivers_power_station
United States,L100000104285,Naughton Power Plant,,,Wyoming,41.758886,-110.597031,448,384,2,1,0,https://www.gem.wiki/Naughton_Power_Plant
United States,L100000103791,Navajo Generating Station,,,Arizona,36.90405,-111.388817,,2409.3,0,3,0,https://www.gem.wiki/Navajo_Generating_Station
United States,L100000103925,Nearman Creek power station,,,Kansas,39.171067,-94.697189,261,,1,0,0,https://www.gem.wiki/Nearman_Creek_power_station
United States,L100000104040,Nebraska City Station,,,Nebraska,40.620706,-95.773386,1389.6,,2,0,0,https://www.gem.wiki/Nebraska_City_Station
United States,L100000104286,Neil Simpson Power Plants,,,Wyoming,44.287911,-105.383969,90,,1,0,0,https://www.gem.wiki/Neil_Simpson_Power_Plants
United States,L100000104273,Nelson Dewey Generating Station,,,Wisconsin,42.722433,-91.008922,,227.2,0,2,0,https://www.gem.wiki/Nelson_Dewey_Generating_Station
United States,L100000104153,New Castle Plant,,,Pennsylvania,40.939036,-80.368058,,348,0,3,0,https://www.gem.wiki/New_Castle_Plant
United States,L100000104024,New Madrid Power Plant,,,Missouri,36.51475,-89.561761,1300,,2,0,0,https://www.gem.wiki/New_Madrid_Power_Plant
United States,L100000103966,NewPage Luke Mill Power Plant,,,Maryland,39.472649,-79.056696,,65,0,2,0,https://www.gem.wiki/NewPage_Luke_Mill_Power_Plant
United States,L100000103870,Newton power station,,,Illinois,38.93645,-88.277008,617.4,617.4,1,1,0,https://www.gem.wiki/Newton_power_station
United States,L100000104115,Niles Plant,,Niles Trumbull power station,Ohio,41.166608,-80.747042,,265.6,0,2,0,https://www.gem.wiki/Niles_Plant
United States,L100000104260,North Branch Station,,,West Virginia,39.261602,-79.331152,,80,0,1,0,https://www.gem.wiki/North_Branch_Station
United States,L100000104041,North Omaha Station,,,Nebraska,41.329614,-95.946489,353.6,291.1,2,3,0,https://www.gem.wiki/North_Omaha_Station
United States,L100000104045,North Valmy Station,,,Nevada,40.881317,-117.1516,567,,2,0,0,https://www.gem.wiki/North_Valmy_Station
United States,L100000104154,Northampton Generating Plant,,,Pennsylvania,40.691994,-75.478683,134.1,,1,0,0,https://www.gem.wiki/Northampton_Generating_Plant
United States,L100000104002,Northeast Power Station,,,Minnesota,43.702214,-92.962463,,31.9,0,1,0,https://www.gem.wiki/Northeast_Power_Station
United States,L100000104126,Northeastern Station,,,Oklahoma,36.426261,-95.699428,473,473,1,1,0,https://www.gem.wiki/Northeastern_Station
United States,L100000103830,Northside Generating Station,,,Florida,30.419072,-81.554947,595,,2,0,0,https://www.gem.wiki/Northside_Generating_Station
United States,L100000103811,Nucla Station,,,Colorado,38.238658,-108.508303,,79.3,0,1,0,https://www.gem.wiki/Nucla_Station
United States,L100000104206,Oak Grove Plant,,,Texas,31.1812611,-96.4889611,1795.4,,2,0,0,https://www.gem.wiki/Oak_Grove_Plant
United States,L100000104207,Oklaunion power station,,,Texas,34.082594,-99.175828,,720,0,1,0,https://www.gem.wiki/Oklaunion_power_station
United States,L100000103916,Ottumwa Generating Station,,,Iowa,41.097728,-92.554939,725.9,,1,0,0,https://www.gem.wiki/Ottumwa_Generating_Station
United States,L100000104263,PPG Natrium Plant,,Natrium Axiall power station,West Virginia,39.746519,-80.853631,,82,0,1,0,https://www.gem.wiki/PPG_Natrium_Plant
United States,L100000104155,Panther Creek Energy Facility,,,Pennsylvania,40.854596,-75.878464,94,,1,0,0,https://www.gem.wiki/Panther_Creek_Energy_Facility
United States,L100000103946,Paradise Fossil Plant,,Paradise Combined Cycle & Combustion Turbine Plant,Kentucky,37.2608,-86.9783,,2558.2,0,3,0,https://www.gem.wiki/Paradise_Fossil_Plant
United States,L100000104208,Parish Generating Station,,"Washington A. Parish Generating Station, Site of the Petra Nova Carbon Capture and Storage (CCS) project (Unit 8)",Texas,29.477075,-95.634892,2697.4,,4,0,0,https://www.gem.wiki/Parish_Generating_Station
United States,L100000103812,Pawnee Station,,,Colorado,40.220197,-103.679472,552.3,,1,0,0,https://www.gem.wiki/Pawnee_Station
United States,L100000103893,Petersburg Generating Station,,Petersburg IPL power station,Indiana,38.528267,-87.252886,1341.8,804.9,2,2,0,https://www.gem.wiki/Petersburg_Generating_Station
United States,L100000104261,Philip Sporn Power Plant,,,West Virginia,38.973614,-81.929753,,1105.5,0,5,0,https://www.gem.wiki/Philip_Sporn_Power_Plant
United States,L100000104116,Picway Power Plant,,,Ohio,39.792961,-83.009614,,106.3,0,1,0,https://www.gem.wiki/Picway_Power_Plant
United States,L100000104156,Piney Creek Power Plant,,Colmac Clarion power station,Pennsylvania,41.176498,-79.441377,,36.2,0,1,0,https://www.gem.wiki/Piney_Creek_Power_Plant
United States,L100000104209,Pirkey Power Plant,,"H.W. Pirkey Power Plant, Hallsville Power Plant",Texas,32.461039,-94.484811,,720.8,0,1,0,https://www.gem.wiki/Pirkey_Power_Plant
United States,L100000103845,Plant Bowen,,,Georgia,34.126022,-84.92075,3498.6000000000004,,4,0,0,https://www.gem.wiki/Plant_Bowen
United States,L100000104042,Platte Generating Station,,,Nebraska,40.853758,-98.348208,109.8,,1,0,0,https://www.gem.wiki/Platte_Generating_Station
United States,L100000104275,Pleasant Prairie Power Plant,,,Wisconsin,42.538044,-87.902878,,1233.2,0,2,0,https://www.gem.wiki/Pleasant_Prairie_Power_Plant
United States,L100000104262,Pleasants power station,,Quantum Pleasants,West Virginia,39.367358,-81.295733,1368,,2,0,0,https://www.gem.wiki/Pleasants_power_station
United States,L100000103796,Plum Point Energy Station,,,Arkansas,35.663015,-89.946806,720,,1,0,1,https://www.gem.wiki/Plum_Point_Energy_Station
United States,L100000103831,Polk Power Station,,,Florida,27.728611,-81.98972,,192.9,0,1,0,https://www.gem.wiki/Polk_Power_Station
United States,L100000104210,Port Comfort Repowering Project,,,Texas,28.6716,-96.561093,,,0,0,1,https://www.gem.wiki/Port_Comfort_Repowering_Project
United States,L100000104693,Port Washington power station,,,Wisconsin,43.3842,-87.87,,320,0,4,0,https://www.gem.wiki/Port_Washington_power_station
United States,L100000104157,Portland Generating Station,,,Pennsylvania,40.909547,-75.078547,,427,0,2,0,https://www.gem.wiki/Portland_Generating_Station
United States,L100000104243,Potomac River Generating Station,,,Virginia,38.820597,-77.040603,,514,0,5,0,https://www.gem.wiki/Potomac_River_Generating_Station
United States,L100000103871,Powerton Generating Station,,,Illinois,40.540667,-89.678656,1785.6,,2,0,0,https://www.gem.wiki/Powerton_Generating_Station
United States,L100000103917,Prairie Creek Generating Station,,,Iowa,41.943667,-91.638692,50,148.8,1,1,0,https://www.gem.wiki/Prairie_Creek_Generating_Station
United States,L100000103872,Prairie State Energy Campus,,,Illinois,38.278252,-89.668569,1766,,2,0,0,https://www.gem.wiki/Prairie_State_Energy_Campus
United States,L100000103986,Presque Isle Power Plant,,,Michigan,46.579178,-87.395242,,603.5,0,8,0,https://www.gem.wiki/Presque_Isle_Power_Plant
United States,L100000104276,Pulliam Power Plant,,JP Pulliam power station,Wisconsin,44.539869,-88.008225,,411,0,6,0,https://www.gem.wiki/Pulliam_Power_Plant
United States,L100000104057,PurGen One,,,New Jersey,40.62473,-74.245954,,,0,0,1,https://www.gem.wiki/PurGen_One
United States,L100000103894,Purdue University Wade Utility Plant,,,Indiana,40.416206,-86.912533,,30.8,0,1,0,https://www.gem.wiki/Purdue_University_Wade_Utility_Plant
United States,L100000103926,Quindaro power station,,Quindaro Three power station,Kansas,39.150933,-94.636625,,239.1,0,2,0,https://www.gem.wiki/Quindaro_power_station
United States,L100000104095,Quintana South Heart Power Project,,,North Dakota,46.863889,-102.992222,,,0,0,1,https://www.gem.wiki/Quintana_South_Heart_Power_Project
United States,L100000103968,R. Paul Smith power station,,R Paul Smith power station,Maryland,39.595022,-77.826739,,109.5,0,2,0,https://www.gem.wiki/R._Paul_Smith_power_station
United States,L100000103813,Rawhide Energy Station,,Rawhide New Generation Project,Colorado,40.860905,-105.0212,293.6,,1,0,0,https://www.gem.wiki/Rawhide_Energy_Station
United States,L100000103814,Ray Nixon Power Plant,,RD Nixon power station,Colorado,38.633447,-104.707803,207,,1,0,0,https://www.gem.wiki/Ray_Nixon_Power_Plant
United States,L100000104012,Red Hills Generation Facility,,,Mississippi,33.376153,-89.218469,513.7,,1,0,0,https://www.gem.wiki/Red_Hills_Generation_Facility
United States,L100000104046,Reid Gardner Station,,,Nevada,36.656267,-114.632803,,636.8,0,4,0,https://www.gem.wiki/Reid_Gardner_Station
United States,L100000104117,Richard H. Gorsuch Generating Station,,,Ohio,39.3672,-81.5188,,200,0,4,0,https://www.gem.wiki/Richard_H._Gorsuch_Generating_Station
United States,L100000103801,Rio Bravo Jasmin Power Plant,,,California,35.741417,-119.051593,,38.2,0,1,0,https://www.gem.wiki/Rio_Bravo_Jasmin_Power_Plant
United States,L100000103802,Rio Bravo Poso Power Plant,,,California,35.547217,-119.075593,,38.2,0,1,0,https://www.gem.wiki/Rio_Bravo_Poso_Power_Plant
United States,L100000104158,River Hill Power Project,,,Pennsylvania,41.141018,-78.096845,,,0,0,1,https://www.gem.wiki/River_Hill_Power_Project
United States,L100000103987,River Rouge Power Plant,,,Michigan,42.273997,-83.112397,,650.6,0,2,0,https://www.gem.wiki/River_Rouge_Power_Plant
United States,L100000104121,River Valley power station,,Shady Point Generation Plant,Oklahoma,35.191944,-94.6425,350,,2,0,0,https://www.gem.wiki/River_Valley_power_station
United States,L100000104084,Riverbend Steam Station,,Riverbend Gaston power station,North Carolina,35.360081,-80.973522,,466,0,4,0,https://www.gem.wiki/Riverbend_Steam_Station
United States,L100000103918,Riverside (IA) power station,,Riverside Generating Station,Iowa,41.540447,-90.447786,,136,0,1,0,https://www.gem.wiki/Riverside_(IA)_power_station
United States,L100000104694,Riverside (MN) power station,,,Minnesota,45.025917,-93.2765,,403.9,0,2,0,https://www.gem.wiki/Riverside_(MN)_power_station
United States,L100000103927,Riverton Power Plant,,,Kansas,37.071802,-94.700117,,87.5,0,2,0,https://www.gem.wiki/Riverton_Power_Plant
United States,L100000104264,Rivesville power station,,,West Virginia,39.531394,-80.112394,,109.8,0,2,0,https://www.gem.wiki/Rivesville_power_station
United States,L100000104085,Roanoke Valley Energy Facility,,,North Carolina,36.4369,-77.616178,,240.10000000000002,0,2,0,https://www.gem.wiki/Roanoke_Valley_Energy_Facility
United States,L100000103947,Robert Reid Power Plant,,Sebree Station,Kentucky,37.6461,-87.5019,,96,0,1,0,https://www.gem.wiki/Robert_Reid_Power_Plant
United States,L100000103895,Rockport Plant,,,Indiana,37.925708,-87.037083,2600,,2,0,0,https://www.gem.wiki/Rockport_Plant
United States,L100000104036,Rosebud Power Plant,,,Montana,45.975156,-106.655244,41.5,,1,0,0,https://www.gem.wiki/Rosebud_Power_Plant
United States,L100000104086,Roxboro Steam Plant,,Person County Energy Complex,North Carolina,36.484086,-79.072225,2558.2,,4,0,0,https://www.gem.wiki/Roxboro_Steam_Plant
United States,L100000103958,Roy S. Nelson Generating Plant,,,Louisiana,30.284383,-93.288861,614.6,,1,0,0,https://www.gem.wiki/Roy_S._Nelson_Generating_Plant
United States,L100000103959,Rumford Cogeneration Plant,,,Maine,44.552008,-70.542397,,102.6,0,1,0,https://www.gem.wiki/Rumford_Cogeneration_Plant
United States,L100000104025,Rush Island power station,,,Missouri,38.130869,-90.2628,,1242,0,2,0,https://www.gem.wiki/Rush_Island_power_station
United States,L100000104695,Russell power station,,"Rochester 7 Station, Russell (NY) power station",New York,43.265478,-77.633516,,252.6,0,4,0,https://www.gem.wiki/Russell_power_station
United States,L100000103971,Salem Harbor Station,,,Massachusetts,42.526264,-70.876589,,329.6,0,3,0,https://www.gem.wiki/Salem_Harbor_Station
United States,L100000104118,Sammis Plant,,WH Sammis power station,Ohio,40.529167,-80.632083,,2455.6,0,7,0,https://www.gem.wiki/Sammis_Plant
United States,L100000104061,San Juan Generating Station,,,New Mexico,36.802039,-108.438094,,1848,0,4,0,https://www.gem.wiki/San_Juan_Generating_Station
United States,L100000104211,San Miguel Electric Cooperative,,SMECI,Texas,28.704397,-98.477428,410,,1,0,0,https://www.gem.wiki/San_Miguel_Electric_Cooperative
United States,L100000104212,Sandow power station,,,Texas,30.567225,-97.060811,,1615.1,0,5,0,https://www.gem.wiki/Sandow_power_station
United States,L100000104213,Sandy Creek Plant,,,Texas,31.47506,-96.95735,1008,,1,0,0,https://www.gem.wiki/Sandy_Creek_Plant
United States,L100000103896,Schahfer Generating Station,,Rollin M. Schahfer Generating Station,Indiana,41.216194,-87.023761,847,1096.4,2,2,0,https://www.gem.wiki/Schahfer_Generating_Station
United States,L100000103847,Scherer Steam Generating Station,,,Georgia,33.060308,-83.806889,2673,891,3,1,0,https://www.gem.wiki/Scherer_Steam_Generating_Station
United States,L100000104050,Schiller Station,,,New Hampshire,43.096778,-70.784167,,135,0,3,0,https://www.gem.wiki/Schiller_Station
United States,L100000103832,Scholz Generating Plant,,,Florida,30.669289,-84.887722,,98,0,2,0,https://www.gem.wiki/Scholz_Generating_Plant
United States,L100000104159,Scrubgrass Generating Plant,,,Pennsylvania,41.268582,-79.813664,94.7,,1,0,0,https://www.gem.wiki/Scrubgrass_Generating_Plant
United States,L100000103833,Seminole Generating Station,,,Florida,29.733883,-81.6324,717,735.9,1,1,0,https://www.gem.wiki/Seminole_Generating_Station
United States,L100000104226,Sevier Plant,,,Utah,38.854462,-111.968159,,,0,0,1,https://www.gem.wiki/Sevier_Plant
United States,L100000104160,Seward Power Plant,,,Pennsylvania,40.407083,-79.034008,585,218.2,1,2,0,https://www.gem.wiki/Seward_Power_Plant
United States,L100000103948,Shawnee Fossil Plant,,,Kentucky,37.152414,-88.776922,1575,175,9,1,0,https://www.gem.wiki/Shawnee_Fossil_Plant
United States,L100000104161,Shawville Generating Station,,,Pennsylvania,41.067089,-78.365144,,625,0,4,0,https://www.gem.wiki/Shawville_Generating_Station
United States,L100000104043,Sheldon Station,,,Nebraska,40.559264,-96.783911,228.7,,2,0,0,https://www.gem.wiki/Sheldon_Station
United States,L100000104003,Sherburne County Plant,,Sherco,Minnesota,45.379811,-93.896694,1704,765.3,2,1,0,https://www.gem.wiki/Sherburne_County_Plant
United States,L100000103988,Shiras Station,,,Michigan,46.5312,-87.392,,44,0,1,0,https://www.gem.wiki/Shiras_Station
United States,L100000104026,Sibley Generating Station,,,Missouri,39.178717,-94.184169,,524,0,3,0,https://www.gem.wiki/Sibley_Generating_Station
United States,L100000104027,Sikeston power station,,,Missouri,36.878936,-89.62055,261,,1,0,0,https://www.gem.wiki/Sikeston_power_station
United States,L100000104004,Silver Bay Power Plant,,,Minnesota,47.286678,-91.260331,131.6,,2,0,0,https://www.gem.wiki/Silver_Bay_Power_Plant
United States,L100000104005,Silver Lake Plant,,,Minnesota,44.028465,-92.460272,,54,0,1,0,https://www.gem.wiki/Silver_Lake_Plant
United States,L100000103979,Sims Generating Station,,,Michigan,43.071111,-86.23388,,80,0,1,0,https://www.gem.wiki/Sims_Generating_Station
United States,L100000104028,Sioux Power Plant,,Sioux Energy Center,Missouri,38.914656,-90.288517,1099.4,,2,0,0,https://www.gem.wiki/Sioux_Power_Plant
United States,L100000103949,Smith Station,,,Kentucky,37.968348,-84.157621,,,0,0,1,https://www.gem.wiki/Smith_Station
United States,L100000104064,Somerset Generation Plant,,AES Somerset Generation Plant,New York,43.356383,-78.603583,,685,0,1,0,https://www.gem.wiki/Somerset_Generation_Plant
United States,L100000103972,Somerset Power Generating Station,,,Massachusetts,41.7375,-71.145833,,173.7,0,2,1,https://www.gem.wiki/Somerset_Power_Generating_Station
United States,L100000104127,Sooner Generating Station,,,Oklahoma,36.454469,-97.052419,1137.6,,2,0,0,https://www.gem.wiki/Sooner_Generating_Station
United States,L100000104277,South Oak Creek Plant,,Oak Creek Power Plant (OCPP),Wisconsin,42.845978,-87.829956,641.6,598.4,2,2,0,https://www.gem.wiki/South_Oak_Creek_Plant
United States,L100000104244,Southampton Power Station,,Southampton VA,Virginia,36.652187,-76.994911,,71.1,0,1,0,https://www.gem.wiki/Southampton_Power_Station
United States,L100000104096,Spiritwood Industrial Park,,,North Dakota,46.925511,-98.502173,,106.2,0,1,0,https://www.gem.wiki/Spiritwood_Industrial_Park
United States,L100000104162,Spring Grove power station,,"P.H. Glatfelter Spring Grove Power Plant, Spring Grove Paper Mill, Pixelle Specialty Solutions LLC - Spring Grove Facility",Pennsylvania,39.870722,-76.86822,45.9,,1,0,0,https://www.gem.wiki/Spring_Grove_power_station
United States,L100000103792,Springerville power station,,,Arizona,34.318533,-109.166003,1765.8000000000002,,4,0,0,https://www.gem.wiki/Springerville_power_station
United States,L100000104236,Spruance power station,,"Cogentrix of Richmond, Spruance Genco power station",Virginia,37.455556,-77.4308,,229.6,0,4,0,https://www.gem.wiki/Spruance_power_station
United States,L100000103950,Spurlock power station,,HL Spurlock power station,Kentucky,38.700089,-83.817286,1608.5,,4,0,0,https://www.gem.wiki/Spurlock_power_station
United States,L100000103989,St. Clair Power Plant,,,Michigan,42.764161,-82.471553,,1547.0000000000002,0,6,0,https://www.gem.wiki/St._Clair_Power_Plant
United States,L100000103834,St. Johns River Power Park,,,Florida,30.430933,-81.550969,,1358,0,2,0,https://www.gem.wiki/St._Johns_River_Power_Park
United States,L100000104163,St. Nicholas Cogeneration Plant,,,Pennsylvania,40.822464,-76.17347,99.2,,1,0,0,https://www.gem.wiki/St._Nicholas_Cogeneration_Plant
United States,L100000103835,Stanton Energy Center,,"CH Stanton power station, Curtis H Stanton Energy Center",Florida,28.482811,-81.167647,929,,2,0,0,https://www.gem.wiki/Stanton_Energy_Center
United States,L100000104097,Stanton Station,,,North Dakota,47.286211,-101.332081,,190.2,0,1,0,https://www.gem.wiki/Stanton_Station
United States,L100000103897,State Line Plant,,,Indiana,41.707764,-87.520908,,614,0,4,0,https://www.gem.wiki/State_Line_Plant
United States,L100000103803,Stockton Cogeneration Facility,,Stockton Biomass (Port of Stockton District Energy Facility),California,37.912456,-121.261444,,60,0,1,0,https://www.gem.wiki/Stockton_Cogeneration_Facility
United States,L100000104278,Stoneman Generating Station,,E.J. Stoneman Power Plant,Wisconsin,42.7079,-90.9843,,35,0,1,0,https://www.gem.wiki/Stoneman_Generating_Station
United States,L100000103919,Streeter Station,,,Iowa,42.526977,-92.439112,,35,0,1,0,https://www.gem.wiki/Streeter_Station
United States,L100000104119,Stuart Generating Station,,JM Stuart power station,Ohio,38.636153,-83.693769,,2440.8,0,4,0,https://www.gem.wiki/Stuart_Generating_Station
United States,L100000104164,Sunbury Steam Station,,,Pennsylvania,40.837961,-76.824311,,437.9,0,4,0,https://www.gem.wiki/Sunbury_Steam_Station
United States,L100000104227,Sunnyside Cogeneration Facility,,,Utah,39.546133,-110.389422,58.1,,1,0,0,https://www.gem.wiki/Sunnyside_Cogeneration_Facility
United States,L100000104238,Surry County power station,,,Virginia,37.03808,-76.920644,,,0,0,1,https://www.gem.wiki/Surry_County_power_station
United States,L100001000231,Susitna power station,,,Alaska,61.781977,-151.661459,,,0,0,1,https://www.gem.wiki/Susitna_power_station
United States,L100000103920,Sutherland Generating Station,,,Iowa,42.047478,-92.859617,,157,0,3,0,https://www.gem.wiki/Sutherland_Generating_Station
United States,L100000104087,Sutton Steam Plant,,"LV Sutton power station, L.V. Sutton Steam Electric Plant",North Carolina,34.282828,-77.986417,,671.6,0,3,0,https://www.gem.wiki/Sutton_Steam_Plant
United States,L100000104006,Syl Laskin Energy Center,,,Minnesota,47.529953,-92.162,,116,0,2,0,https://www.gem.wiki/Syl_Laskin_Energy_Center
United States,L100000103990,TES Filer City Station,,,Michigan,44.217,-86.2906,70,,1,0,1,https://www.gem.wiki/TES_Filer_City_Station
United States,L100000104048,TS Power Plant,,,Nevada,40.746006,-116.529833,242,,1,0,0,https://www.gem.wiki/TS_Power_Plant
United States,L100000104007,Taconite Harbor Energy Center,,,Minnesota,47.531225,-90.911758,,252,0,3,0,https://www.gem.wiki/Taconite_Harbor_Energy_Center
United States,L100000103898,Tanners Creek Plant,,,Indiana,39.082044,-84.8595,,1100.1,0,4,0,https://www.gem.wiki/Tanners_Creek_Plant
United States,L100000103873,Taylorville Energy Center,,,Illinois,39.529871,-89.27796,,,0,0,1,https://www.gem.wiki/Taylorville_Energy_Center
United States,L100000103928,Tecumseh Energy Center,,,Kansas,39.053556,-95.568475,,231.6,0,2,0,https://www.gem.wiki/Tecumseh_Energy_Center
United States,L100000104214,Texas Clean Energy Project,,,Texas,31.87661,-102.343554,,,0,0,1,https://www.gem.wiki/Texas_Clean_Energy_Project
United States,L100000104030,Thomas Hill Energy Center,,,Missouri,39.552742,-92.638175,1181.7,,3,0,0,https://www.gem.wiki/Thomas_Hill_Energy_Center
United States,L100000104165,Titus Generating Station,,,Pennsylvania,40.3054,-75.908581,,225,0,3,0,https://www.gem.wiki/Titus_Generating_Station
United States,L100000104698,Tobaccoville power station,,,North Carolina,36.2511,-80.3669,,80,0,2,0,https://www.gem.wiki/Tobaccoville_power_station
United States,L100000104215,Tolk Station,,,Texas,34.185119,-102.569306,1136,,2,0,0,https://www.gem.wiki/Tolk_Station
United States,L100000104047,Toquop,,,Nevada,37.759757,-114.972677,,,0,0,1,https://www.gem.wiki/Toquop
United States,L100000104216,Trailblazer Energy Center,,,Texas,32.466668,-100.411519,,,0,0,1,https://www.gem.wiki/Trailblazer_Energy_Center
United States,L100000103991,Trenton Channel Power Plant,,,Michigan,42.122192,-83.180975,,775.5,0,3,0,https://www.gem.wiki/Trenton_Channel_Power_Plant
United States,L100000104070,Trigen Syracuse Plant,,Syracuse Energy power station,New York,43.065381,-76.208311,,90.6,0,1,0,https://www.gem.wiki/Trigen_Syracuse_Plant
United States,L100000103951,Trimble County power station,,,Kentucky,38.5845833,-85.4136722,1400,,2,0,0,https://www.gem.wiki/Trimble_County_power_station
United States,L100000104287,Two Elk Energy Park,,,Wyoming,44.247876,-105.549839,,,0,0,2,https://www.gem.wiki/Two_Elk_Energy_Park
United States,L100000103952,Tyrone Generating Station,,,Kentucky,38.0471,-84.848133,,75,0,1,0,https://www.gem.wiki/Tyrone_Generating_Station
United States,L100000104178,Urquhart Station,,,South Carolina,33.434617,-81.910858,,250,0,3,0,https://www.gem.wiki/Urquhart_Station
United States,L100000104228,Utah Smelter Power Plant,,"KUCC power station, KUC Plant power station",Utah,40.721589,-112.198006,,132,0,2,0,https://www.gem.wiki/Utah_Smelter_Power_Plant
United States,L100000104279,Valley Power Plant,,,Wisconsin,43.030242,-87.923903,,272,0,2,0,https://www.gem.wiki/Valley_Power_Plant
United States,L100000103815,Valmont Station,,,Colorado,40.0195,-105.202,,191.7,0,1,0,https://www.gem.wiki/Valmont_Station
United States,L100000103874,Vermilion power station,,,Illinois,40.178055,-87.748055,,182.3,0,2,0,https://www.gem.wiki/Vermilion_power_station
United States,L100000104245,Virginia City Hybrid Energy Center,,Wise County Plant Unit 1,Virginia,36.91805,-82.338017,668,,1,0,0,https://www.gem.wiki/Virginia_City_Hybrid_Energy_Center
United States,L100000104179,W.S. Lee Steam Station,,William States Lee III power station,South Carolina,34.602336,-82.434878,,355,0,3,0,https://www.gem.wiki/W.S._Lee_Steam_Station
United States,L100000103899,Wabash River Generating Station,,"Wabash River IGCC GT1 (Platts) (Unit 1A), Wabash River Highland Plant",Indiana,39.527389,-87.423178,,1164.7,0,7,0,https://www.gem.wiki/Wabash_River_Generating_Station
United States,L100000103906,Walter Scott Jr. power station,,Council Bluffs Energy Center,Iowa,41.181158,-95.837653,1648.3,130.6,2,2,0,https://www.gem.wiki/Walter_Scott_Jr._power_station
United States,L100000103848,Wansley Plant,,Hal B. Wansley Plant,Georgia,33.41342,-85.03233,,1904,0,2,0,https://www.gem.wiki/Wansley_Plant
United States,L100000104699,Warren Generating power station,,,Pennsylvania,41.835947,-79.18867,,84,0,2,0,https://www.gem.wiki/Warren_Generating_power_station
United States,L100000103900,Warrick Power Plant,,,Indiana,37.915,-87.333681,822.8000000000001,,4,0,0,https://www.gem.wiki/Warrick_Power_Plant
United States,L100000103849,Washington Plant,,,Georgia,32.984243,-82.807046,,,0,0,1,https://www.gem.wiki/Washington_Plant
United States,L100000104180,Wateree Station,,,South Carolina,33.826383,-80.621758,771.8,,2,0,0,https://www.gem.wiki/Wateree_Station
United States,L100000104191,Watts Bar Fossil Plant,,,Tennessee,35.610778,-84.782167,,240,0,4,0,https://www.gem.wiki/Watts_Bar_Fossil_Plant
United States,L100000103875,Waukegan Generating Station,,,Illinois,42.382408,-87.813586,,802.7,0,3,0,https://www.gem.wiki/Waukegan_Generating_Station
United States,L100000103992,Weadock Generating Plant,,JC Weadock power station,Michigan,43.641447,-83.842706,,312.6,0,2,0,https://www.gem.wiki/Weadock_Generating_Plant
United States,L100000104088,Weatherspoon Plant,,WH Weatherspoon power station,North Carolina,34.589523,-78.975649,,165.5,0,3,0,https://www.gem.wiki/Weatherspoon_Plant
United States,L100000104218,Welsh Power Plant,,,Texas,33.055217,-94.840283,1116,558,2,1,0,https://www.gem.wiki/Welsh_Power_Plant
United States,L100000104173,WestRock Florence Power Plant,,Florence Mill,South Carolina,34.152889,-79.559767,,79.1,0,1,0,https://www.gem.wiki/WestRock_Florence_Power_Plant
United States,L100000104280,Weston Power Plant,,,Wisconsin,44.857744,-89.650192,945.5,141.6,2,2,0,https://www.gem.wiki/Weston_Power_Plant
United States,L100000104166,Westwood Generating Station,,,Pennsylvania,40.618788,-76.451047,36,,1,0,0,https://www.gem.wiki/Westwood_Generating_Station
United States,L100000104044,Whelan Energy Center,,,Nebraska,40.5805861,-98.3112417,324.3,,2,0,0,https://www.gem.wiki/Whelan_Energy_Center
United States,L100000103797,White Bluff Generating Plant,,,Arkansas,34.423453,-92.139322,1800,,2,0,0,https://www.gem.wiki/White_Bluff_Generating_Plant
United States,L100000104219,White Stallion Energy Center,,,Texas,28.694729,-95.957422,,,0,0,1,https://www.gem.wiki/White_Stallion_Energy_Center
United States,L100000103901,Whitewater Valley Generating Station,,,Indiana,39.8022,-84.8953,93.9,,2,0,0,https://www.gem.wiki/Whitewater_Valley_Generating_Station
United States,L100000103993,Whiting Generating Plant,,JR Whiting power station,Michigan,41.791942,-83.449072,,345.4,0,3,0,https://www.gem.wiki/Whiting_Generating_Plant
United States,L100000103785,Widows Creek Fossil Plant,,,Alabama,34.885422,-85.750939,,1968.6,0,8,0,https://www.gem.wiki/Widows_Creek_Fossil_Plant
United States,L100000103876,Will County Generating Station,,,Illinois,41.633011,-88.061897,,1268.8,0,4,0,https://www.gem.wiki/Will_County_Generating_Station
United States,L100000104181,Williams Station,,AM Williams power station,South Carolina,33.015178,-79.927678,632.7,,1,0,0,https://www.gem.wiki/Williams_Station
United States,L100000104265,Willow Island power station,,,West Virginia,39.367571,-81.295226,,213.2,0,2,0,https://www.gem.wiki/Willow_Island_power_station
United States,L100000103953,Wilson Station,,DB Wilson power station,Kentucky,37.4497,-87.080458,509.4,,1,0,0,https://www.gem.wiki/Wilson_Station
United States,L100000104182,Winyah Generating Station,,,South Carolina,33.329533,-79.357736,1260,,4,0,0,https://www.gem.wiki/Winyah_Generating_Station
United States,L100000103994,Wolverine Clean Energy Venture,,,Michigan,45.420768,-83.80361,,,0,0,1,https://www.gem.wiki/Wolverine_Clean_Energy_Venture
United States,L100000103877,Wood River Station,,,Illinois,38.863389,-90.134108,,500.1,0,2,0,https://www.gem.wiki/Wood_River_Station
United States,L100000103995,Wyandotte Municipal Power Plant,,,Michigan,42.208041,-83.14538,,32,0,1,0,https://www.gem.wiki/Wyandotte_Municipal_Power_Plant
United States,L100000104288,Wygen I power station,,Wygen power station,Wyoming,44.286754,-105.387451,88,,1,0,0,https://www.gem.wiki/Wygen_I_power_station
United States,L100000104290,Wygen II power station,,Wygen 2,Wyoming,44.287911,-105.383969,95,,1,0,0,https://www.gem.wiki/Wygen_II_power_station
United States,L100000104289,Wygen III power station,,,Wyoming,44.286754,-105.387451,116.2,,1,0,0,https://www.gem.wiki/Wygen_III_power_station
United States,L100000104291,Wyodak Power Plant,,,Wyoming,44.287911,-105.383969,402.3,,1,0,0,https://www.gem.wiki/Wyodak_Power_Plant
United States,L100000103850,Yates Steam Generating Plant,,Yates Steam-Electric Generating Plant,Georgia,33.4622,-84.8986,,1487.3000000000002,0,7,0,https://www.gem.wiki/Yates_Steam_Generating_Plant
United States,L100000104246,Yorktown power station,,,Virginia,37.215364,-76.462161,,375,0,2,0,https://www.gem.wiki/Yorktown_power_station
United States,L100000104120,Zimmer Generating Station,,William H. Zimmer Generating Station,Ohio,38.868922,-84.228528,,1425.6,0,1,0,https://www.gem.wiki/Zimmer_Generating_Station
